slug,company_name,first_seen_date,last_checked_date,job_count
datacurve,Datacurve AI Inc. Jobs,2025-12-10,2025-12-10,11
vanilla,Vanilla Technologies Jobs,2025-12-10,2025-12-10,4
dyna-robotics,Dyna Robotics Jobs,2025-12-10,2025-12-10,18
Fourier,Fourier Jobs,2025-12-10,2025-12-10,7
MarcoHire,Marco Jobs,2025-12-10,2025-12-10,22
delinea,Delinea Jobs,2025-12-10,2025-12-10,99
miso,Miso Jobs,2025-12-10,2025-12-10,23
niramedical,Nira Medical Jobs,2025-12-10,2025-12-10,30
darkroom,Darkroom Jobs,2025-12-10,2025-12-10,156
hopae,Hopae Jobs,2025-12-10,2025-12-10,11
8returns,8returns GmbH Jobs,2025-12-10,2025-12-10,6
the-flex,The Flex Jobs,2025-12-10,2025-12-10,626
oxeon,Oxeon Jobs,2025-12-10,2025-12-10,2
blue-energy,Blue Energy Jobs,2025-12-10,2025-12-10,15
retell-ai,Retell AI Jobs,2025-12-10,2025-12-10,8
definelycareers,Definely Jobs,2025-12-10,2025-12-10,13
silver,Silver.dev Jobs,2025-12-10,2025-12-10,44
finvari,Finvari Jobs,2025-12-10,2025-12-10,13
quantware,QuantWare Jobs,2025-12-10,2025-12-10,19
sentry,Sentry Jobs,2025-12-10,2025-12-10,46
inversion-cap,Inversion Jobs,2025-12-10,2025-12-10,9
zip,Zip Jobs,2025-12-10,2025-12-10,120
vcluster,vCluster Labs Jobs,2025-12-10,2025-12-10,74
intology,Intology Jobs,2025-12-10,2025-12-10,2
ridealso,ALSO Jobs,2025-12-10,2025-12-10,43
silnahealth.com,Silna Health Jobs,2025-12-10,2025-12-10,12
visanahealth,Visana Health Jobs,2025-12-10,2025-12-10,14
cluely,Cluely Jobs,2025-12-10,2025-12-10,4
seriesai,Series Entertainment Jobs,2025-12-10,2025-12-10,1
replicate,Replicate Jobs,2025-12-10,2025-12-10,0
iVerify,iVerify Jobs,2025-12-10,2025-12-10,15
focused,Focused Jobs,2025-12-10,2025-12-10,26
nextdata,Nextdata  Jobs,2025-12-10,2025-12-10,3
halo-cures,Halo Jobs,2025-12-10,2025-12-10,2
billups,billups Jobs,2025-12-10,2025-12-10,13
union-tech,Union Technologies Jobs,2025-12-10,2025-12-10,37
PAR%20Technology,PAR Technology Jobs,2025-12-10,2025-12-10,47
meetmarvin,Marvin Behavioral Health Jobs,2025-12-10,2025-12-10,3
hippocratic%20ai,Hippocratic AI Jobs,2025-12-10,2025-12-10,85
finmid.com,Finmid Jobs,2025-12-10,2025-12-10,4
cow-dao,CoW DAO Jobs,2025-12-10,2025-12-10,12
Aspora,Aspora Jobs,2025-12-10,2025-12-10,20
herondata,Heron Data Jobs,2025-12-10,2025-12-10,6
schoolhouse-world,Schoolhouse Jobs,2025-12-10,2025-12-10,0
imprint,Imprint Jobs,2025-12-10,2025-12-10,39
beamimpact,Beam Impact Jobs,2025-12-10,2025-12-10,14
span,SPAN Jobs,2025-12-10,2025-12-10,23
truelogic,Truelogic Jobs,2025-12-10,2025-12-10,179
cargo-one,cargo.one Jobs,2025-12-10,2025-12-10,12
wrapbook,Wrapbook Jobs,2025-12-10,2025-12-10,11
windborne-systems,WindBorne Systems Jobs,2025-12-10,2025-12-10,11
grafton-sciences,Grafton Sciences Jobs,2025-12-10,2025-12-10,59
convictional,Convictional Jobs,2025-12-10,2025-12-10,0
openphilanthropy,Coefficient Giving Jobs,2025-12-10,2025-12-10,7
seccl,Seccl Jobs,2025-12-10,2025-12-10,16
rho,Rho Jobs,2025-12-10,2025-12-10,56
sweedpos.com,Sweed Jobs,2025-12-10,2025-12-10,9
rennscotmfg,Rennscot MFG Jobs,2025-12-10,2025-12-10,3
zeely,Zeely Inc. Jobs,2025-12-10,2025-12-10,13
hadrian-automation,Hadrian Automation Jobs,2025-12-10,2025-12-10,101
tdv,The Deep View Jobs,2025-12-10,2025-12-10,8
growthtroops,Growth Troops Jobs,2025-12-10,2025-12-10,488
periodic-labs,Periodic Labs Jobs,2025-12-10,2025-12-10,21
motion,Motion Jobs,2025-12-10,2025-12-10,17
rf-labs,RF Labs Jobs,2025-12-10,2025-12-10,2
conscious-talent,Conscious Talent Jobs,2025-12-10,2025-12-10,24
reevo,Reevo Jobs,2025-12-10,2025-12-10,23
nestmed,Nestmed Jobs,2025-12-10,2025-12-10,5
spark-networks,"Spark Networks, Inc Jobs",2025-12-10,2025-12-10,0
Paradigm,Paradigm Jobs,2025-12-10,2025-12-10,15
bestow,Bestow Jobs,2025-12-10,2025-12-10,29
perfect-venue,Perfect Venue Jobs,2025-12-10,2025-12-10,5
hims-and-hers,Hims &amp; Hers Jobs,2025-12-10,2025-12-10,93
agreena,Agreena Jobs,2025-12-10,2025-12-10,6
prospectsplusbuilds,Prospects+ Jobs,2025-12-10,2025-12-10,2
comstruct,comstruct ICT Jobs,2025-12-10,2025-12-10,11
finni-health,Finni Health Jobs,2025-12-10,2025-12-10,111
real,Real Jobs,2025-12-10,2025-12-10,37
Sciforium,Sciforium Jobs,2025-12-10,2025-12-10,8
MaticRobots,Matic Jobs,2025-12-10,2025-12-10,23
xyme,Xyme Jobs,2025-12-10,2025-12-10,2
savvy,Savvy Wealth Jobs,2025-12-10,2025-12-10,15
katapult-commerce,Katapult Commerce Jobs,2025-12-10,2025-12-10,10
plotlineso,Plotline Jobs,2025-12-10,2025-12-10,10
ansiblehealth,AnsibleHealth Inc. Jobs,2025-12-10,2025-12-10,31
get-ivy,Ivy Jobs,2025-12-10,2025-12-10,12
kira,Kira Jobs,2025-12-10,2025-12-10,9
literati,Literati Jobs,2025-12-10,2025-12-10,2
Keyrock,Keyrock Jobs,2025-12-10,2025-12-10,847
tapblaze,TapBlaze Jobs,2025-12-10,2025-12-10,5
playson,Playson Jobs,2025-12-10,2025-12-10,33
annaautismcare,Anna Autism Care Jobs,2025-12-10,2025-12-10,14
Aphex,Aphex Jobs,2025-12-10,2025-12-10,9
red6,Red 6 Jobs,2025-12-10,2025-12-10,28
lavendo,Lavendo Jobs,2025-12-10,2025-12-10,430
costanoavc,Costanoa Ventures Jobs,2025-12-10,2025-12-10,2
getground,GetGround Jobs,2025-12-10,2025-12-10,8
chaidiscovery,Chai Discovery Jobs,2025-12-10,2025-12-10,12
haydenai,Hayden AI Jobs,2025-12-10,2025-12-10,15
supabase,Supabase Jobs,2025-12-10,2025-12-10,38
dailypay,DailyPay Jobs,2025-12-10,2025-12-10,16
wand,Wand Jobs,2025-12-10,2025-12-10,15
Felix,Felix Jobs,2025-12-10,2025-12-10,20
netgear,NETGEAR Jobs,2025-12-10,2025-12-10,39
fireworks.ai,Fireworks.Ai,2025-12-10,2025-12-10,0
FleetWorks,FleetWorks Jobs,2025-12-10,2025-12-10,31
robin-ai,Robin Ai,2025-12-10,2025-12-10,0
doss,Doss Jobs,2025-12-10,2025-12-10,21
raiku,Raiku Jobs,2025-12-10,2025-12-10,6
Crusoe,Crusoe Jobs,2025-12-10,2025-12-10,337
quarks-tech,Quarks Jobs,2025-12-10,2025-12-10,23
smalls,Smalls Jobs,2025-12-10,2025-12-10,6
NationGraph,NationGraph Jobs,2025-12-10,2025-12-10,8
qwilr,Qwilr Jobs,2025-12-10,2025-12-10,2
a-team,A.Team Jobs,2025-12-10,2025-12-10,12
Skydropx-Frenet,Skydropx,2025-12-10,2025-12-10,30
superpower,Superpower Jobs,2025-12-10,2025-12-10,9
opal,Opal Security Jobs,2025-12-10,2025-12-10,12
maneuver-marketing,Maneuver Marketing Jobs,2025-12-10,2025-12-10,48
compa,Compa Jobs,2025-12-10,2025-12-10,18
columntax,Column Tax Jobs,2025-12-10,2025-12-10,9
Abe,Abe Jobs,2025-12-10,2025-12-10,426
wynd-labs,Wynd Labs Jobs,2025-12-10,2025-12-10,14
nightfall-ai,Nightfall AI Jobs,2025-12-10,2025-12-10,20
lpadesignstudios,"LPA, Inc. Jobs",2025-12-10,2025-12-10,51
alan,Alan Jobs,2025-12-10,2025-12-10,63
alephalpha,Aleph Alpha Jobs,2025-12-10,2025-12-10,18
alexai,Alex AI Jobs,2025-12-10,2025-12-10,10
prelude,Prelude Jobs,2025-12-10,2025-12-10,9
rilla,Rilla Jobs,2025-12-10,2025-12-10,22
zzazz,Zzazz Inc Jobs,2025-12-10,2025-12-10,17
WunderGraph,"WunderGraph, Inc. Jobs",2025-12-10,2025-12-10,11
wundergraph,"WunderGraph, Inc. Jobs",2025-12-10,2025-12-10,11
satispay,Satispay Jobs,2025-12-10,2025-12-10,32
airspace-intelligence.com,Air Space Intelligence Jobs,2025-12-10,2025-12-10,21
Dispatch,Dispatch Jobs,2025-12-10,2025-12-10,10
Deepgram,Deepgram Jobs,2025-12-10,2025-12-10,38
farmersd40,Farmers District 40 Jobs,2025-12-10,2025-12-10,26
Ostrom,Ostrom Jobs,2025-12-10,2025-12-10,5
rain,Rain Jobs,2025-12-10,2025-12-10,45
woebot-health,Woebot Health Jobs,2025-12-10,2025-12-10,2
crete-professionals-alliance,Crete Professionals Alliance Jobs,2025-12-10,2025-12-10,82
www.qogita.com,Www.Qogita.Com,2025-12-10,2025-12-10,0
projectgrowth,Projectgrowth,2025-12-10,2025-12-10,0
campfire,Campfire Jobs,2025-12-10,2025-12-10,21
mapbox,Mapbox Jobs,2025-12-10,2025-12-10,81
kindred,Kindred Jobs,2025-12-10,2025-12-10,9
Acorns,Acorns Jobs,2025-12-10,2025-12-10,9
allium,Allium Jobs,2025-12-10,2025-12-10,31
binance.us,Binance.US Jobs,2025-12-10,2025-12-10,16
Flock%20Safety,Flock Safety Jobs,2025-12-10,2025-12-10,157
planetary-scale,Planetary Scale Advisors Jobs,2025-12-10,2025-12-10,1
replit,Replit Jobs,2025-12-10,2025-12-10,44
rev,Rev Jobs,2025-12-10,2025-12-10,3
medialicious,Medialicious Jobs,2025-12-10,2025-12-10,20
Homebound,Homebound Jobs,2025-12-10,2025-12-10,20
resend,Resend Jobs,2025-12-10,2025-12-10,14
Railway,Railway Jobs,2025-12-10,2025-12-10,8
releventfp,Relevent Football Partners Jobs,2025-12-10,2025-12-10,1
gridunity,GridUnity  Jobs,2025-12-10,2025-12-10,6
hanover-park,Hanover Park Jobs,2025-12-10,2025-12-10,4
vital,Vital Biosciences Inc. Jobs,2025-12-10,2025-12-10,8
across-ai,Across-AI Jobs,2025-12-10,2025-12-10,1
the-exploration-company,The Exploration Company Jobs,2025-12-10,2025-12-10,130
paradox,Paradox Jobs,2025-12-10,2025-12-10,558
bodyard,Bodyard,2025-12-10,2025-12-10,0
omniscient,Omniscient Jobs,2025-12-10,2025-12-10,32
insitro,insitro Jobs,2025-12-10,2025-12-10,15
molecule-software,Molecule Software Jobs,2025-12-10,2025-12-10,3
nooks,Nooks Jobs,2025-12-10,2025-12-10,38
neuralconcept,Neural Concept Jobs,2025-12-10,2025-12-10,27
antaiventures,Antai Ventures Jobs,2025-12-10,2025-12-10,10
Resolve%20AI,Resolve AI Jobs,2025-12-10,2025-12-10,17
pocus,Pocus Jobs,2025-12-10,2025-12-10,22
hcompany,H Company Jobs,2025-12-10,2025-12-10,25
happyrobot.ai,Happyrobot Inc. Jobs,2025-12-10,2025-12-10,35
st-labs,Standard Template Labs Jobs,2025-12-10,2025-12-10,11
miaplaza,Miaplaza Jobs,2025-12-10,2025-12-10,5
ephemera,Ephemera,2025-12-10,2025-12-10,0
trainline,Trainline Jobs,2025-12-10,2025-12-10,34
keru-ai,Keru.ai Jobs,2025-12-10,2025-12-10,8
oneapp,OnePay Jobs,2025-12-10,2025-12-10,35
felix,Felix Jobs,2025-12-10,2025-12-10,20
klim,Klim GmbH Jobs,2025-12-10,2025-12-10,0
antimetal,Antimetal Jobs,2025-12-10,2025-12-10,9
fastino-ai,fastino.ai Jobs,2025-12-10,2025-12-10,4
vertical-aerospace,Vertical Aerospace Jobs,2025-12-10,2025-12-10,28
creditgenie,Credit Genie Jobs,2025-12-10,2025-12-10,76
pod-network,pod network Jobs,2025-12-10,2025-12-10,5
horizon3ai,Horizon3 AI Jobs,2025-12-10,2025-12-10,58
distyl,Distyl AI Jobs,2025-12-10,2025-12-10,36
Cirrus%20Systems,"Cirrus Systems, Inc. Jobs",2025-12-10,2025-12-10,15
makai-labs,Makai Labs Jobs,2025-12-10,2025-12-10,28
quantstamp,Quantstamp Jobs,2025-12-10,2025-12-10,1
Cohen-Immigration-Law,Cohen Immigration Law Jobs,2025-12-10,2025-12-10,3
publiccloudgroup,Public Cloud Group Jobs,2025-12-10,2025-12-10,160
Served%20With%20Honor,Served With Honor Jobs,2025-12-10,2025-12-10,4
arch.co,Arch  Jobs,2025-12-10,2025-12-10,29
noto,Noto Jobs,2025-12-10,2025-12-10,4
Fuse,Fuse Jobs,2025-12-10,2025-12-10,17
miter,Miter Jobs,2025-12-10,2025-12-10,34
genesis-therapeutics,Genesis Molecular AI Jobs,2025-12-10,2025-12-10,27
arago,Arago Jobs,2025-12-10,2025-12-10,19
wispr-flow,Wispr Flow Jobs,2025-12-10,2025-12-10,21
obviant,Obviant Jobs,2025-12-10,2025-12-10,12
Advanced-Technology-Group,Advanced Technology Group Jobs,2025-12-10,2025-12-10,6
Skydropx,Skydropx,2025-12-10,2025-12-10,30
mondoo,Mondoo Jobs,2025-12-10,2025-12-10,14
LawDepot,LawDepot Jobs,2025-12-10,2025-12-10,4
battle-creek-games,Battle Creek Games Jobs,2025-12-10,2025-12-10,5
rossum.ai,Rossum Jobs,2025-12-10,2025-12-10,17
tailor,Tailor Jobs,2025-12-10,2025-12-10,44
stratum-ai,Stratum AI Jobs,2025-12-10,2025-12-10,13
promptfoo,Promptfoo Jobs,2025-12-10,2025-12-10,7
Lightdash,Lightdash Jobs,2025-12-10,2025-12-10,4
bunch,bunch Jobs,2025-12-10,2025-12-10,25
lancedb,LanceDB Jobs,2025-12-10,2025-12-10,8
whippy,Whippy Jobs,2025-12-10,2025-12-10,12
burklandassociates,Burkland Associates Jobs,2025-12-10,2025-12-10,5
ethglobal,ETHGlobal Inc Jobs,2025-12-10,2025-12-10,2
Braiins,Braiins Jobs,2025-12-10,2025-12-10,11
Anagram,Anagram Jobs,2025-12-10,2025-12-10,11
synthflow,Synthflow AI Jobs,2025-12-10,2025-12-10,15
Kueski,Kueski Jobs,2025-12-10,2025-12-10,8
tuesday-lab,Tuesday Lab Jobs,2025-12-10,2025-12-10,5
ironcladhq,Ironclad Jobs,2025-12-10,2025-12-10,86
dolarapp,DolarApp Jobs,2025-12-10,2025-12-10,46
staycation,Staycation Jobs,2025-12-10,2025-12-10,6
electronx,ElectronX Jobs,2025-12-10,2025-12-10,5
EliseAI,EliseAI Jobs,2025-12-10,2025-12-10,154
northslope-technologies,Northslope Technologies Inc. Jobs,2025-12-10,2025-12-10,21
pebl,Pebl Jobs,2025-12-10,2025-12-10,20
bettermile,Bettermile Jobs,2025-12-10,2025-12-10,6
vibe,Vibe Jobs,2025-12-10,2025-12-10,7
01c,Zero One Creative LTD (01C) Jobs,2025-12-10,2025-12-10,2
Aios,Aios Medical  (YC W20/S21) Jobs,2025-12-10,2025-12-10,35
vorto,Vorto Jobs,2025-12-10,2025-12-10,4
elevenlabs,ElevenLabs Jobs,2025-12-10,2025-12-10,264
langchain,LangChain Jobs,2025-12-10,2025-12-10,57
Verne%20Robotics,Verne Robotics Jobs,2025-12-10,2025-12-10,4
Hyperbound,Hyperbound Jobs,2025-12-10,2025-12-10,12
harvey,Harvey Jobs,2025-12-10,2025-12-10,136
artafinance,Arta Finance Jobs,2025-12-10,2025-12-10,8
tilt,Tilt Jobs,2025-12-10,2025-12-10,16
getting-attention,Getting Attention Jobs,2025-12-10,2025-12-10,3
Juicebox,Juicebox Jobs,2025-12-10,2025-12-10,14
bravehealth,Brave Health Jobs,2025-12-10,2025-12-10,74
doinstruct,doinstruct Jobs,2025-12-10,2025-12-10,7
k-ID,k-ID Jobs,2025-12-10,2025-12-10,4
opencoreos,OpenCoreOS Jobs,2025-12-10,2025-12-10,7
finto,Finto Jobs,2025-12-10,2025-12-10,2
spearbit,Spearbit Jobs,2025-12-10,2025-12-10,10
givebutter,Givebutter Jobs,2025-12-10,2025-12-10,67
the-global-talent-co,The Global Talent Co. Jobs,2025-12-10,2025-12-10,225
gem-technologies,"GEM Technologies, Inc. Jobs",2025-12-10,2025-12-10,42
ostrom,Ostrom Jobs,2025-12-10,2025-12-10,5
leantechniques,Lean TECHniques Jobs,2025-12-10,2025-12-10,3
xbowcareers,XBOW Jobs,2025-12-10,2025-12-10,24
amca,Amca Jobs,2025-12-10,2025-12-10,20
pirros,Pirros Jobs,2025-12-10,2025-12-10,6
fizz,Fizz Jobs,2025-12-10,2025-12-10,6
numeric,Numeric Jobs,2025-12-10,2025-12-10,38
neworbit,NewOrbit Space Jobs,2025-12-10,2025-12-10,31
Hippocratic%20AI,Hippocratic AI Jobs,2025-12-10,2025-12-10,85
joinbetter,Better Health Jobs,2025-12-10,2025-12-10,8
coram-ai,Coram AI Jobs,2025-12-10,2025-12-10,17
bedrock,Bedrock Security Jobs,2025-12-10,2025-12-10,7
propagate,Propagate Jobs,2025-12-10,2025-12-10,1
crossjoin-solutions,Crossjoin Solutions,2025-12-10,2025-12-10,19
ashby,Ashby Jobs,2025-12-10,2025-12-10,298
coworker,Coworker.ai Jobs,2025-12-10,2025-12-10,7
rogerhealthcare,Roger Healthcare Jobs,2025-12-10,2025-12-10,5
primeintellect,Prime Intellect Jobs,2025-12-10,2025-12-10,26
casium,Casium Jobs,2025-12-10,2025-12-10,2
networkright,Network Right Jobs,2025-12-10,2025-12-10,5
characterbio,Character Bio Jobs,2025-12-10,2025-12-10,10
herojourneyclub,Hero Journey Club Jobs,2025-12-10,2025-12-10,1
foundry-for-good,Foundry for Good Jobs,2025-12-10,2025-12-10,17
Union,Union.ai Jobs,2025-12-10,2025-12-10,32
kraken.com,Kraken Jobs,2025-12-10,2025-12-10,801
Provision%20Software%20Corporation,Provision Software Corporation Jobs,2025-12-10,2025-12-10,6
foxglove,Foxglove Jobs,2025-12-10,2025-12-10,19
themindcompany,The Mind Company Jobs,2025-12-10,2025-12-10,3
corti,Corti Jobs,2025-12-10,2025-12-10,17
spare,Spare Jobs,2025-12-10,2025-12-10,15
january,January Jobs,2025-12-10,2025-12-10,14
ltv,LTV Jobs,2025-12-10,2025-12-10,20
healthsherpa,HealthSherpa Jobs,2025-12-10,2025-12-10,3
playerzero,"PlayerZero, Inc. Jobs",2025-12-10,2025-12-10,3
hospitalio,Hospitalio Recruitment Jobs,2025-12-10,2025-12-10,14
fs-studio,FS Studio Jobs,2025-12-10,2025-12-10,29
latitude,Latitude Jobs,2025-12-10,2025-12-10,0
tenor,Tenor Jobs,2025-12-10,2025-12-10,1
The-Pinnacle-School,The Pinnacle School Jobs,2025-12-10,2025-12-10,2
replo,Replo Jobs,2025-12-10,2025-12-10,8
lumilens,Lumilens Jobs,2025-12-10,2025-12-10,13
inductive-bio,Inductive Bio Jobs,2025-12-10,2025-12-10,11
candidhealth,Candid Health Jobs,2025-12-10,2025-12-10,65
fonoa,Fonoa Jobs,2025-12-10,2025-12-10,45
airwallex,Airwallex Jobs,2025-12-10,2025-12-10,658
sardine,Sardine Jobs,2025-12-10,2025-12-10,56
omi,Omi Jobs,2025-12-10,2025-12-10,7
krew,Krew Jobs,2025-12-10,2025-12-10,3
slingshotai,Slingshot AI Jobs,2025-12-10,2025-12-10,6
optimum,Optimum Jobs,2025-12-10,2025-12-10,5
Perplexity,Perplexity Jobs,2025-12-10,2025-12-10,120
scribd,Scribd Jobs,2025-12-10,2025-12-10,429
bunkerhillhealth,Bunkerhill Health Jobs,2025-12-10,2025-12-10,3
axiom,Axiom Jobs,2025-12-10,2025-12-10,6
pearlhealth,Pearl Health Jobs,2025-12-10,2025-12-10,14
chainalysis-careers,Chainalysis Jobs,2025-12-10,2025-12-10,50
asari.ai,Asari AI Jobs,2025-12-10,2025-12-10,2
expressable,Expressable Jobs,2025-12-10,2025-12-10,23
polymarket,Polymarket Jobs,2025-12-10,2025-12-10,17
AeroVect,AeroVect Jobs,2025-12-10,2025-12-10,100
adthena,Adthena Jobs,2025-12-10,2025-12-10,12
Bastion,Bastion Jobs,2025-12-10,2025-12-10,9
cube,CUBE Jobs,2025-12-10,2025-12-10,36
koho,KOHO Jobs,2025-12-10,2025-12-10,14
vynca,Vynca Jobs,2025-12-10,2025-12-10,30
civilgrid,CivilGrid Jobs,2025-12-10,2025-12-10,24
hockeystack,HockeyStack Jobs,2025-12-10,2025-12-10,26
colonist,Colonist Jobs,2025-12-10,2025-12-10,6
arcadeai,Arcade Jobs,2025-12-10,2025-12-10,5
fanalysis,Fanalysis Jobs,2025-12-10,2025-12-10,6
foxelligroup,Foxelli Group Jobs,2025-12-10,2025-12-10,117
twelve,Twelve Jobs,2025-12-10,2025-12-10,1
bentoml,BentoML Jobs,2025-12-10,2025-12-10,4
nexus-marketing,Nexus Marketing Jobs,2025-12-10,2025-12-10,2
scarlet,Scarlet Jobs,2025-12-10,2025-12-10,9
statista,Statista Jobs,2025-12-10,2025-12-10,31
commonware,Commonware Jobs,2025-12-10,2025-12-10,1
signalwire,"SignalWire, Inc Jobs",2025-12-10,2025-12-10,145
auditless,Auditless Jobs,2025-12-10,2025-12-10,4
Ouro%20Careers%20Page,Ouro Jobs,2025-12-10,2025-12-10,9
HighlightTA,HighlightTA Jobs,2025-12-10,2025-12-10,44
innatera,Innatera Nanosystems Jobs,2025-12-10,2025-12-10,7
ashgro,Ashgro Jobs,2025-12-10,2025-12-10,1
rothys,Rothy&#39;s Jobs,2025-12-10,2025-12-10,62
epay-policy,ePayPolicy Jobs,2025-12-10,2025-12-10,7
WA.Technology,WA.Technology Jobs,2025-12-10,2025-12-10,11
infracost,Infracost Jobs,2025-12-10,2025-12-10,22
civicmarketplace,CivicMarketplace Jobs,2025-12-10,2025-12-10,7
infinite-machine,Infinite Machine Jobs,2025-12-10,2025-12-10,2
withclutch,Clutch Jobs,2025-12-10,2025-12-10,8
zircuit,Zircuit Jobs,2025-12-10,2025-12-10,3
copilot-money,Copilot Money Jobs,2025-12-10,2025-12-10,8
counsel,Counsel Health Jobs,2025-12-10,2025-12-10,16
Zip%20Security,Zip Security Jobs,2025-12-10,2025-12-10,8
Ernest,Ernest Jobs,2025-12-10,2025-12-10,6
eye-security,Eye Security Jobs,2025-12-10,2025-12-10,46
Jasper%20AI,Jasper Jobs,2025-12-10,2025-12-10,28
1password,1Password Jobs,2025-12-10,2025-12-10,58
elicit,Elicit Jobs,2025-12-10,2025-12-10,13
axelera,Axelera AI Jobs,2025-12-10,2025-12-10,469
symbiotic,Symbiotic Jobs,2025-12-10,2025-12-10,7
galvany,GALVANY Jobs,2025-12-10,2025-12-10,12
govdash,GovDash Jobs,2025-12-10,2025-12-10,10
parambil,Parambil Jobs,2025-12-10,2025-12-10,3
LIV-golf,LIV Golf Jobs,2025-12-10,2025-12-10,13
listenlabs,Listen Labs Jobs,2025-12-10,2025-12-10,7
lightsource,LightSource Jobs,2025-12-10,2025-12-10,6
Almabase,Almabase Jobs,2025-12-10,2025-12-10,7
siteminder,SiteMinder Jobs,2025-12-10,2025-12-10,75
limbic,Limbic Jobs,2025-12-10,2025-12-10,3
aizen,Aizen Jobs,2025-12-10,2025-12-10,8
viessmann,Viessmann Generations Group Jobs,2025-12-10,2025-12-10,10
axiombio,Axiom Jobs,2025-12-10,2025-12-10,7
oh,Oh Jobs,2025-12-10,2025-12-10,5
finch,Finch Care Jobs,2025-12-10,2025-12-10,2
Iodine%20Software,Iodine Software Jobs,2025-12-10,2025-12-10,13
Suite-Studios,Suite Studios Jobs,2025-12-10,2025-12-10,16
evenup,EvenUp Jobs,2025-12-10,2025-12-10,126
firetiger,Firetiger Jobs,2025-12-10,2025-12-10,4
unto-labs,Unto Labs Jobs,2025-12-10,2025-12-10,1
astronomer,Astronomer Jobs,2025-12-10,2025-12-10,43
iambic-therapeutics,"Iambic Therapeutics, Inc Jobs",2025-12-10,2025-12-10,9
project-expedition,Project Expedition Jobs,2025-12-10,2025-12-10,8
clarity,Clarity Jobs,2025-12-10,2025-12-10,10
novo,Novo Jobs,2025-12-10,2025-12-10,15
quartermaster,Quartermaster Jobs,2025-12-10,2025-12-10,20
mandolin,Mandolin Jobs,2025-12-10,2025-12-10,12
eightsleep,Eight Sleep Jobs,2025-12-10,2025-12-10,48
tacto,Tacto Jobs,2025-12-10,2025-12-10,19
mainshares,Mainshares Jobs,2025-12-10,2025-12-10,6
episteme,"Episteme, Inc. Jobs",2025-12-10,2025-12-10,3
innate,Innate Jobs,2025-12-10,2025-12-10,4
clarisights,Clarisights Jobs,2025-12-10,2025-12-10,4
The-Flex,The Flex Jobs,2025-12-10,2025-12-10,626
ruby-labs,Ruby Labs Jobs,2025-12-10,2025-12-10,164
tennr,Tennr Jobs,2025-12-10,2025-12-10,33
SiteMinder,SiteMinder Jobs,2025-12-10,2025-12-10,75
lydian,Lydian Jobs,2025-12-10,2025-12-10,2
rewst,Rewst Jobs,2025-12-10,2025-12-10,2
Plaud,Plaud Jobs,2025-12-10,2025-12-10,59
8vc,8VC Jobs,2025-12-10,2025-12-10,5
blackbox-strategies,BlackBox Strategies Jobs,2025-12-10,2025-12-10,27
coval,Coval Jobs,2025-12-10,2025-12-10,2
Antares,Antares Jobs,2025-12-10,2025-12-10,27
lm-studio,LM Studio Jobs,2025-12-10,2025-12-10,7
speckle,Speckle Jobs,2025-12-10,2025-12-10,3
golinks,GoLinks Jobs,2025-12-10,2025-12-10,5
trace-machina,Trace Machina Jobs,2025-12-10,2025-12-10,16
jerry.ai,Jerry.ai Jobs,2025-12-10,2025-12-10,421
montecarlodata,Monte Carlo Jobs,2025-12-10,2025-12-10,48
marianaminerals,Mariana Minerals Jobs,2025-12-10,2025-12-10,40
cantina,Cantina Jobs,2025-12-10,2025-12-10,7
trust-wallet,Trust Wallet Jobs,2025-12-10,2025-12-10,14
assorthealth,Assort Health Jobs,2025-12-10,2025-12-10,24
fhiaremodeling,Renuity Jobs,2025-12-10,2025-12-10,648
lilt-corporate,LILT Jobs,2025-12-10,2025-12-10,41
blockparty,BlockParty Productions Jobs,2025-12-10,2025-12-10,6
fonzi-ai,Fonzi AI Jobs,2025-12-10,2025-12-10,5
oscilar,Oscilar Jobs,2025-12-10,2025-12-10,33
teero,Teero Jobs,2025-12-10,2025-12-10,4
biostate-ai,Biostate AI Jobs,2025-12-10,2025-12-10,5
sent,"Sent, Inc. Jobs",2025-12-10,2025-12-10,1
sunday,Sunday Jobs,2025-12-10,2025-12-10,20
aspora,Aspora Jobs,2025-12-10,2025-12-10,20
neural-solutions,Neural Solutions Jobs,2025-12-10,2025-12-10,6
spellbrush,Spellbrush Jobs,2025-12-10,2025-12-10,13
The%20Agency%20Fund,The Agency Fund Jobs,2025-12-10,2025-12-10,7
trading212,Trading212 Jobs,2025-12-10,2025-12-10,55
qualified,Qualified Jobs,2025-12-10,2025-12-10,31
medal,"Medal, Highlight, &amp; General Intuition Jobs",2025-12-10,2025-12-10,20
Promise,Promise Jobs,2025-12-10,2025-12-10,33
superduper,Superduper Jobs,2025-12-10,2025-12-10,12
kong,Kong Jobs,2025-12-10,2025-12-10,90
Ashby,Ashby Jobs,2025-12-10,2025-12-10,298
basis-research,Basis Research Institute Jobs,2025-12-10,2025-12-10,39
didero,Didero,2025-12-10,2025-12-10,5
CRED%20Platform,CRED Platform Jobs,2025-12-10,2025-12-10,19
furtherai,FurtherAI Jobs,2025-12-10,2025-12-10,16
mercor,Mercor Jobs,2025-12-10,2025-12-10,22
onebrief,Onebrief Jobs,2025-12-10,2025-12-10,62
kiln.fi,Kiln Jobs,2025-12-10,2025-12-10,15
Coworker,Coworker.ai Jobs,2025-12-10,2025-12-10,7
rogo,Rogo Jobs,2025-12-10,2025-12-10,30
craftdocs,Craft Docs Jobs,2025-12-10,2025-12-10,5
found,Found Jobs,2025-12-10,2025-12-10,8
delphos-labs,Delphos Labs Jobs,2025-12-10,2025-12-10,1
kilocode,Kilo Code Jobs,2025-12-10,2025-12-10,2
Joyteractive,Joyteractive Jobs,2025-12-10,2025-12-10,20
flosports,"FloSports, Inc. Jobs",2025-12-10,2025-12-10,26
zoe,ZOE  Jobs,2025-12-10,2025-12-10,11
coefficientgiving,Coefficient Giving Jobs,2025-12-10,2025-12-10,7
manusai,Manus AI Jobs,2025-12-10,2025-12-10,42
Kirin,Kirin Jobs,2025-12-10,2025-12-10,110
hackerone,HackerOne Jobs,2025-12-10,2025-12-10,37
trilitech,Trilitech Jobs,2025-12-10,2025-12-10,8
legionhealth,Legion Health Jobs,2025-12-10,2025-12-10,9
oligo,Oligo Space Jobs,2025-12-10,2025-12-10,18
arcade,Arcade Jobs,2025-12-10,2025-12-10,7
P-1%20AI,P-1 AI Jobs,2025-12-10,2025-12-10,4
Commons,Commons Jobs,2025-12-10,2025-12-10,1
blissway,Blissway Inc. Jobs,2025-12-10,2025-12-10,3
comfy-org,Comfy Jobs,2025-12-10,2025-12-10,11
zapier,Zapier Jobs,2025-12-10,2025-12-10,38
livingHR,livingHR Jobs,2025-12-10,2025-12-10,10
panoptyc,Panoptyc Jobs,2025-12-10,2025-12-10,45
launchwellgroup,LaunchWell Group Jobs,2025-12-10,2025-12-10,1
infisical,Infisical Jobs,2025-12-10,2025-12-10,16
adaptyv,Adaptyv Jobs,2025-12-10,2025-12-10,3
Apiphany,Apiphany Jobs,2025-12-10,2025-12-10,6
orbitalmaterials,Orbital Jobs,2025-12-10,2025-12-10,9
superdial,SuperDial Jobs,2025-12-10,2025-12-10,13
assembledhq,Assembled Jobs,2025-12-10,2025-12-10,36
tonal,Tonal Jobs,2025-12-10,2025-12-10,21
haven-headache,Haven Headache,2025-12-10,2025-12-10,4
streetgroup,Street Group Jobs,2025-12-10,2025-12-10,12
metalbear,Metalbear,2025-12-10,2025-12-10,0
Lambda,Lambda Jobs,2025-12-10,2025-12-10,188
runetech,Rune Technologies Jobs,2025-12-10,2025-12-10,6
rocketable,Rocketable Jobs,2025-12-10,2025-12-10,1
remi,Remi Jobs,2025-12-10,2025-12-10,11
kernel,Kernel Jobs,2025-12-10,2025-12-10,7
zydro,Zydro Marine Technologies Jobs,2025-12-10,2025-12-10,3
cape,Cape Jobs,2025-12-10,2025-12-10,23
pilgrim,Pilgrim Jobs,2025-12-10,2025-12-10,10
scrollmark,Scrollmark Jobs,2025-12-10,2025-12-10,4
sereact,Sereact GmbH Jobs,2025-12-10,2025-12-10,30
hellobrightline,Brightline Jobs,2025-12-10,2025-12-10,17
M-KOPA,M-KOPA Jobs,2025-12-10,2025-12-10,207
h3x-technologies,H3X Technologies Jobs,2025-12-10,2025-12-10,10
noda-ai,NODA AI Jobs,2025-12-10,2025-12-10,18
the-virga-law-firm,The Virga Law Firm Jobs,2025-12-10,2025-12-10,35
Profound,Profound Jobs,2025-12-10,2025-12-10,59
Paddle,Paddle Jobs,2025-12-10,2025-12-10,41
Bevel,Bevel Jobs,2025-12-10,2025-12-10,5
sdsc,Surgical Data Science Collective Jobs,2025-12-10,2025-12-10,2
numerixs-quant,NumerixS Quant Jobs,2025-12-10,2025-12-10,3
aro.homes,Aro Homes Jobs,2025-12-10,2025-12-10,4
character,Character.AI Jobs,2025-12-10,2025-12-10,15
promise-studios,Promise Studios Jobs,2025-12-10,2025-12-10,18
cubic3,Cubic³ Jobs,2025-12-10,2025-12-10,16
siftstack,"Sift Stack, Inc. Jobs",2025-12-10,2025-12-10,49
lotushealth,Lotus Health AI Jobs,2025-12-10,2025-12-10,6
phlair,Phlair Jobs,2025-12-10,2025-12-10,3
Aven,Aven Jobs,2025-12-10,2025-12-10,10
moxie,Moxie Jobs,2025-12-10,2025-12-10,10
notabene,Notabene Jobs,2025-12-10,2025-12-10,12
Blackpoint%20Cyber,Blackpoint Cyber Jobs,2025-12-10,2025-12-10,17
life-space-digital,Life Space Digital Jobs,2025-12-10,2025-12-10,43
novaprime,Novaprime Jobs,2025-12-10,2025-12-10,13
recall,Recall Jobs,2025-12-10,2025-12-10,6
shiftsmart,Shiftsmart Jobs,2025-12-10,2025-12-10,10
earthforce,Earth Force Jobs,2025-12-10,2025-12-10,5
li.fi,LI.FI Jobs,2025-12-10,2025-12-10,15
prophet-security,Prophet Security Jobs,2025-12-10,2025-12-10,12
palettelabs,Palette Labs Jobs,2025-12-10,2025-12-10,4
tldr.tech,TLDR Jobs,2025-12-10,2025-12-10,6
modernfi,ModernFi Jobs,2025-12-10,2025-12-10,10
Luminovo,Luminovo Jobs,2025-12-10,2025-12-10,23
sweatpals,Sweatpals Jobs,2025-12-10,2025-12-10,5
gorilla,Gorilla Jobs,2025-12-10,2025-12-10,14
Sitemate,Sitemate Jobs,2025-12-10,2025-12-10,24
ankorstore,Ankorstore Jobs,2025-12-10,2025-12-10,12
A1%20Garage%20Door%20Service,A1 Garage Door Service Jobs,2025-12-10,2025-12-10,40
laurel,Laurel Jobs,2025-12-10,2025-12-10,18
stuut-ai,Stuut Jobs,2025-12-10,2025-12-10,18
dataguard,DataGuard Jobs,2025-12-10,2025-12-10,27
vinci4d,Vinci4d Jobs,2025-12-10,2025-12-10,14
lgads,LG Ad Solutions Jobs,2025-12-10,2025-12-10,31
moxfive,MOXFIVE Jobs,2025-12-10,2025-12-10,10
sandboxaq,SandboxAQ Jobs,2025-12-10,2025-12-10,25
preludesecurity,Prelude Jobs,2025-12-10,2025-12-10,10
bjakcareer,Bjak  Jobs,2025-12-10,2025-12-10,182
rillet,Rillet Jobs,2025-12-10,2025-12-10,64
verto,Verto Jobs,2025-12-10,2025-12-10,35
pergolux,Pergolux Jobs,2025-12-10,2025-12-10,32
mem0,Mem0 Jobs,2025-12-10,2025-12-10,11
lifen,Lifen Jobs,2025-12-10,2025-12-10,8
akasa,AKASA Jobs,2025-12-10,2025-12-10,35
dandy,Dandy Jobs,2025-12-10,2025-12-10,144
Nivoda,Nivoda Jobs,2025-12-10,2025-12-10,30
patreon,Patreon Jobs,2025-12-10,2025-12-10,48
healthleap,HealthLeap Jobs,2025-12-10,2025-12-10,5
choco,Choco Jobs,2025-12-10,2025-12-10,26
limelight-steel,"Limelight Steel, Inc. Jobs",2025-12-10,2025-12-10,3
Horizon,Horizon Institute for Public Service Jobs,2025-12-10,2025-12-10,1
relationrx,relationrx Jobs,2025-12-10,2025-12-10,6
momentum.io,Momentum.io Jobs,2025-12-10,2025-12-10,4
monumental,Monumental Jobs,2025-12-10,2025-12-10,14
Eon%20Systems,Eon Systems Jobs,2025-12-10,2025-12-10,9
ciroos,Ciroos Jobs,2025-12-10,2025-12-10,9
fundwell,Fundwell Jobs,2025-12-10,2025-12-10,12
jigsaw,Jigsaw Jobs,2025-12-10,2025-12-10,4
runa,Runa Jobs,2025-12-10,2025-12-10,3
blockdaemon,Blockdaemon Jobs,2025-12-10,2025-12-10,9
primary,Primary Jobs,2025-12-10,2025-12-10,7
kota,Kota Jobs,2025-12-10,2025-12-10,17
agentio,Agentio Jobs,2025-12-10,2025-12-10,13
distributed-spectrum,Distributed Spectrum Jobs,2025-12-10,2025-12-10,9
orchard,Orchard Robotics Jobs,2025-12-10,2025-12-10,14
metaview,Metaview Jobs,2025-12-10,2025-12-10,22
strongdm,StrongDM Jobs,2025-12-10,2025-12-10,2
epsilon-health,"Epsilon Labs, Inc. Jobs",2025-12-10,2025-12-10,5
handshake,Handshake Jobs,2025-12-10,2025-12-10,28
Alpic,Alpic Jobs,2025-12-10,2025-12-10,7
gumloop,Gumloop Jobs,2025-12-10,2025-12-10,9
crosby,Crosby Jobs,2025-12-10,2025-12-10,8
lightning,Lightning Labs Jobs,2025-12-10,2025-12-10,11
cas,Cloud Accountant Staffing Jobs,2025-12-10,2025-12-10,32
unit,Unit Jobs,2025-12-10,2025-12-10,14
davistechnologymanagement,Davis Technology Management Jobs,2025-12-10,2025-12-10,6
compass-surgical-partners,Compass Surgical Partners Jobs,2025-12-10,2025-12-10,20
hopper,Hopper Jobs,2025-12-10,2025-12-10,190
sellfire,Sellfire Jobs,2025-12-10,2025-12-10,6
wander,Wander Jobs,2025-12-10,2025-12-10,51
atob,AtoB Jobs,2025-12-10,2025-12-10,30
inertia,Inertia Jobs,2025-12-10,2025-12-10,13
Tools%20for%20Humanity,Tools for Humanity Jobs,2025-12-10,2025-12-10,62
Abridge,Abridge Jobs,2025-12-10,2025-12-10,77
vantageanalytics,Vantage Jobs,2025-12-10,2025-12-10,6
adaptivesecurity,Adaptive Security Jobs,2025-12-10,2025-12-10,21
Commure-Athelas,Commure Athelas,2025-12-10,2025-12-10,0
swan,Swan,2025-12-10,2025-12-10,6
gaiafamily,Gaia Family Inc Jobs,2025-12-10,2025-12-10,11
kin,Kin Insurance Jobs,2025-12-10,2025-12-10,52
replicated,Replicated Jobs,2025-12-10,2025-12-10,10
New%20Story,New Story Jobs,2025-12-10,2025-12-10,19
equip,Equip Health Jobs,2025-12-10,2025-12-10,99
space44,SPACE44 Jobs,2025-12-10,2025-12-10,2
siena,Siena AI Jobs,2025-12-10,2025-12-10,103
keplar,Keplar Jobs,2025-12-10,2025-12-10,8
lambda,Lambda Jobs,2025-12-10,2025-12-10,188
unify,Unify Jobs,2025-12-10,2025-12-10,25
prokeep,Prokeep Jobs,2025-12-10,2025-12-10,2
AdalFi,Adal Fintech (Pvt) Ltd. Jobs,2025-12-10,2025-12-10,26
fiddler-ai,Fiddler AI Jobs,2025-12-10,2025-12-10,19
rainforest-pay,Rainforest Jobs,2025-12-10,2025-12-10,5
statisfy,Statisfy Jobs,2025-12-10,2025-12-10,1
twenty,Twenty Jobs,2025-12-10,2025-12-10,15
Todyl,Todyl,2025-12-10,2025-12-10,8
duckbill,Duckbill Jobs,2025-12-10,2025-12-10,8
blockhouse,Blockhouse Jobs,2025-12-10,2025-12-10,2
serenis,Serenis Health S.r.l. Jobs,2025-12-10,2025-12-10,2
heidihealth.com.au,Heidi Jobs,2025-12-10,2025-12-10,114
serverobotics,Serve Robotics Jobs,2025-12-10,2025-12-10,143
alohi,Alohi SA Jobs,2025-12-10,2025-12-10,8
Kota,Kota Jobs,2025-12-10,2025-12-10,17
spiegse,Spiegse,2025-12-10,2025-12-10,0
Intellistack,Intellistack Jobs,2025-12-10,2025-12-10,10
opengov,OpenGov Jobs,2025-12-10,2025-12-10,71
heron-power,Heron Power Jobs,2025-12-10,2025-12-10,20
leonardo.ai,Leonardo.Ai Jobs,2025-12-10,2025-12-10,144
diversified-botanics,Diversified Botanics Jobs,2025-12-10,2025-12-10,2
revic,Revic Jobs,2025-12-10,2025-12-10,36
northwoodspace,northwoodspace Jobs,2025-12-10,2025-12-10,42
empirical,Empirical Jobs,2025-12-10,2025-12-10,9
Chromatic,Chromatic Jobs,2025-12-10,2025-12-10,4
basiccapital,Basic Capital Jobs,2025-12-10,2025-12-10,7
Cred%20Platform,CRED Platform Jobs,2025-12-10,2025-12-10,19
neotaste,NeoTaste Jobs,2025-12-10,2025-12-10,2
barti,Barti Jobs,2025-12-10,2025-12-10,3
unmind,Unmind Jobs,2025-12-10,2025-12-10,1
ramp,Ramp Jobs,2025-12-10,2025-12-10,284
patch.io,Patch Jobs,2025-12-10,2025-12-10,8
unlikelyai,UnlikelyAI Jobs,2025-12-10,2025-12-10,2
glide,Glide  Jobs,2025-12-10,2025-12-10,11
strategic-growth-partners,Strategic Growth Partners Jobs,2025-12-10,2025-12-10,45
procurify,Procurify Jobs,2025-12-10,2025-12-10,12
sfg20,SFG20 Jobs,2025-12-10,2025-12-10,1
outliant,Outliant Jobs,2025-12-10,2025-12-10,69
jobber,Jobber Jobs,2025-12-10,2025-12-10,70
scrunch-ai,Scrunch AI Jobs,2025-12-10,2025-12-10,7
sailorhealth,Sailor Health Jobs,2025-12-10,2025-12-10,47
column,Column Jobs,2025-12-10,2025-12-10,19
somnia,Somnia Jobs,2025-12-10,2025-12-10,3
offstream,Offstream Jobs,2025-12-10,2025-12-10,1
skydropx,Skydropx,2025-12-10,2025-12-10,30
stealthhc,Stealth HC Jobs,2025-12-10,2025-12-10,5
nelo,Nelo Jobs,2025-12-10,2025-12-10,6
satoshilabs,SatoshiLabs Jobs,2025-12-10,2025-12-10,21
taekus,Taekus Jobs,2025-12-10,2025-12-10,2
lido.fi,Lido Jobs,2025-12-10,2025-12-10,6
acquisition,Acquisition.com Jobs,2025-12-10,2025-12-10,49
GoVenti,Venti Technologies Jobs,2025-12-10,2025-12-10,34
belvo,Belvo Jobs,2025-12-10,2025-12-10,3
fourier,Fourier Jobs,2025-12-10,2025-12-10,7
CoachHub%20Careers,CoachHub Jobs,2025-12-10,2025-12-10,7
katana,Katana Jobs,2025-12-10,2025-12-10,1
Astro-Mechanica,Astro Mechanica Jobs,2025-12-10,2025-12-10,18
doctronic,Doctronic Jobs,2025-12-10,2025-12-10,9
lovable,Lovable Jobs,2025-12-10,2025-12-10,69
menlosecurity,Menlo Security Jobs,2025-12-10,2025-12-10,24
talpasolutions.com,Talpasolutions.Com,2025-12-10,2025-12-10,0
taxfix.com,Taxfix Jobs,2025-12-10,2025-12-10,16
haus,Haus Analytics Jobs,2025-12-10,2025-12-10,14
you-health,You Health Jobs,2025-12-10,2025-12-10,9
cuspai,CuspAI Jobs,2025-12-10,2025-12-10,4
phasebiolabs,Phase Biolabs Jobs,2025-12-10,2025-12-10,1
2ndwave,2ndWave LLC Jobs,2025-12-10,2025-12-10,7
grvt,GRVT TECHNOLOGIES Jobs,2025-12-10,2025-12-10,63
adaption,Adaption Jobs,2025-12-10,2025-12-10,43
Stepful,Stepful Jobs,2025-12-10,2025-12-10,21
tavily,Tavily Jobs,2025-12-10,2025-12-10,11
Harmonic,Harmonic Jobs,2025-12-10,2025-12-10,8
paraform,Paraform Jobs,2025-12-10,2025-12-10,16
kiwi-com,Kiwi.com Jobs,2025-12-10,2025-12-10,3
evolve-tech-llc,Evolve Tech LLC Jobs,2025-12-10,2025-12-10,14
specter,Specter Jobs,2025-12-10,2025-12-10,12
mach,Mach Industries Jobs,2025-12-10,2025-12-10,68
raspberry,Raspberry AI Jobs,2025-12-10,2025-12-10,10
illumio,Illumio Jobs,2025-12-10,2025-12-10,81
tryalma,Alma Jobs,2025-12-10,2025-12-10,7
greatquestion,Great Question Jobs,2025-12-10,2025-12-10,3
matter-labs,Matter Labs Jobs,2025-12-10,2025-12-10,8
dash0,Dash0 Jobs,2025-12-10,2025-12-10,18
Mintlify,Mintlify Jobs,2025-12-10,2025-12-10,21
AlephAlpha,Aleph Alpha Jobs,2025-12-10,2025-12-10,18
firecrawl,Firecrawl Jobs,2025-12-10,2025-12-10,7
lilt,LILT (Production) Jobs,2025-12-10,2025-12-10,219
two-dots,Two Dots Jobs,2025-12-10,2025-12-10,6
join9am,9amHealth Jobs,2025-12-10,2025-12-10,4
maven-agi,Maven AGI Jobs,2025-12-10,2025-12-10,11
ekumenlabs,Ekumen Jobs,2025-12-10,2025-12-10,6
granica,Granica Jobs,2025-12-10,2025-12-10,17
politanalytics,PolitAnalytics Jobs,2025-12-10,2025-12-10,6
revenuecat,RevenueCat Jobs,2025-12-10,2025-12-10,34
propelus,Propelus Jobs,2025-12-10,2025-12-10,7
marshmallow,marshmallow Jobs,2025-12-10,2025-12-10,14
neofinancial,Neo Financial Jobs,2025-12-10,2025-12-10,146
matterworks,"Matterworks, Inc. Jobs",2025-12-10,2025-12-10,4
david-ai,David AI Jobs,2025-12-10,2025-12-10,18
relayfi,Relay Jobs,2025-12-10,2025-12-10,32
Panoptyc,Panoptyc Jobs,2025-12-10,2025-12-10,45
fathom.video,Fathom Jobs,2025-12-10,2025-12-10,11
clickup,ClickUp Jobs,2025-12-10,2025-12-10,107
airgoods,Airgoods Jobs,2025-12-10,2025-12-10,4
novita-ai,Novita AI Jobs,2025-12-10,2025-12-10,4
partly.com,Partly Jobs,2025-12-10,2025-12-10,16
paceloangroup,PACE Loan Group Jobs,2025-12-10,2025-12-10,5
hartbeat,Hartbeat Jobs,2025-12-10,2025-12-10,0
CodaMetrix,CodaMetrix Jobs,2025-12-10,2025-12-10,1
metalenz,Metalenz Jobs,2025-12-10,2025-12-10,4
healthaxis,"HealthAxis Group, LLC Jobs",2025-12-10,2025-12-10,4
baseten,Baseten Jobs,2025-12-10,2025-12-10,73
walrusfi,Walrus Jobs,2025-12-10,2025-12-10,15
New-Story-Schools-OH,New Story Schools (OH) Jobs,2025-12-10,2025-12-10,18
fyxer,Fyxer Jobs,2025-12-10,2025-12-10,21
allica-bank,Allica Bank Jobs,2025-12-10,2025-12-10,34
upside,Upside Jobs,2025-12-10,2025-12-10,40
Distyl,Distyl AI Jobs,2025-12-10,2025-12-10,36
ideals,Ideals Jobs,2025-12-10,2025-12-10,35
New-Story,New Story Jobs,2025-12-10,2025-12-10,4
fanvue.com,Fanvue Jobs,2025-12-10,2025-12-10,17
9fin,9fin Jobs,2025-12-10,2025-12-10,31
deeptune,Deeptune Jobs,2025-12-10,2025-12-10,2
knowledge-road,Knowledge Road Jobs,2025-12-10,2025-12-10,43
interaction,Interaction Jobs,2025-12-10,2025-12-10,3
nexxa,Nexxa.AI Jobs,2025-12-10,2025-12-10,12
pivotrobotics,Pivot Robotics Jobs,2025-12-10,2025-12-10,3
ether.fi,Ether.fi Jobs,2025-12-10,2025-12-10,31
optery,"Optery, Inc. Jobs",2025-12-10,2025-12-10,30
sitemate,Sitemate Jobs,2025-12-10,2025-12-10,24
withcherry,"Cherry Technologies, Inc. Jobs",2025-12-10,2025-12-10,6
percona,Percona Jobs,2025-12-10,2025-12-10,117
additiveai,Additive AI Jobs,2025-12-10,2025-12-10,6
nango,Nango Jobs,2025-12-10,2025-12-10,24
Dapster,Dapster Jobs,2025-12-10,2025-12-10,4
pryzm,Pryzm Jobs,2025-12-10,2025-12-10,9
highlightta,HighlightTA Jobs,2025-12-10,2025-12-10,44
wincent,Wincent Jobs,2025-12-10,2025-12-10,23
fuse,Fuse Jobs,2025-12-10,2025-12-10,17
parallel,Parallel Web Systems Jobs,2025-12-10,2025-12-10,10
openstore,Openstore,2025-12-10,2025-12-10,0
integral,Integral Jobs,2025-12-10,2025-12-10,2
point-one-navigation,Point One Navigation Inc Jobs,2025-12-10,2025-12-10,12
typescouts,Typescouts Jobs,2025-12-10,2025-12-10,29
casca,Casca Jobs,2025-12-10,2025-12-10,9
lemfi,LemFi Jobs,2025-12-10,2025-12-10,27
Rhythms,Rhythms Jobs,2025-12-10,2025-12-10,4
ready,Ready Jobs,2025-12-10,2025-12-10,1
teambridge,Teambridge Jobs,2025-12-10,2025-12-10,6
The-Spire-School,The Spire School Jobs,2025-12-10,2025-12-10,1
cambium,Cambium Jobs,2025-12-10,2025-12-10,3
interplay,Interplay Jobs,2025-12-10,2025-12-10,13
blueberry,Blueberry Jobs,2025-12-10,2025-12-10,5
woflow,Woflow Jobs,2025-12-10,2025-12-10,6
VLogic,VLogic Jobs,2025-12-10,2025-12-10,1
leadbank,Lead Bank Jobs,2025-12-10,2025-12-10,18
lottie,Lottie Jobs,2025-12-10,2025-12-10,14
sana-roles,Sana Jobs,2025-12-10,2025-12-10,46
kalibri-labs,Kalibri Labs Jobs,2025-12-10,2025-12-10,2
quicknode,Quicknode Jobs,2025-12-10,2025-12-10,34
impulse,Impulse Labs Jobs,2025-12-10,2025-12-10,4
workshop-ventures,Workshop Venture Partners Jobs,2025-12-10,2025-12-10,11
tight,Tight Jobs,2025-12-10,2025-12-10,4
gridium,Gridium Jobs,2025-12-10,2025-12-10,4
zippymh,Zippy Jobs,2025-12-10,2025-12-10,26
wokelo-ai,Wokelo AI Jobs,2025-12-10,2025-12-10,7
comun,Comun Jobs,2025-12-10,2025-12-10,11
gmke-law,GMKE Jobs,2025-12-10,2025-12-10,2
chilipiper,Chili Piper Jobs,2025-12-10,2025-12-10,7
wetravel,WeTravel Jobs,2025-12-10,2025-12-10,36
zeus,Zeus Jobs,2025-12-10,2025-12-10,2
Solana%20Foundation,Solana Foundation Jobs,2025-12-10,2025-12-10,11
bubble,Bubble Jobs,2025-12-10,2025-12-10,18
ordio,Ordio GmbH Jobs,2025-12-10,2025-12-10,5
aurelian,Aurelian Jobs,2025-12-10,2025-12-10,12
fuser,Fuser Jobs,2025-12-10,2025-12-10,13
glade,Glade Jobs,2025-12-10,2025-12-10,5
lemon-markets,lemon.markets Jobs,2025-12-10,2025-12-10,17
renuity,Renuity Jobs,2025-12-10,2025-12-10,648
liquid-ai,Liquid AI Jobs,2025-12-10,2025-12-10,42
Gradient,Gradient,2025-12-10,2025-12-10,5
near-horizon,Near Horizon Jobs,2025-12-10,2025-12-10,1
checkly,Checkly Jobs,2025-12-10,2025-12-10,24
kissmyapps,Kiss My Apps Jobs,2025-12-10,2025-12-10,12
manifest-law,Manifest Law Jobs,2025-12-10,2025-12-10,11
junior,MyJunior AI Jobs,2025-12-10,2025-12-10,10
electric,Electric Jobs,2025-12-10,2025-12-10,5
0g,0g Labs Jobs,2025-12-10,2025-12-10,11
succinct,Succinct Jobs,2025-12-10,2025-12-10,5
projectsbyif,Projects by IF Jobs,2025-12-10,2025-12-10,1
clipboard,Clipboard Jobs,2025-12-10,2025-12-10,42
mazehq,Maze Jobs,2025-12-10,2025-12-10,11
assured,Assured Jobs,2025-12-10,2025-12-10,25
barkbus,Barkbus Jobs,2025-12-10,2025-12-10,36
popl,Popl Co Jobs,2025-12-10,2025-12-10,7
reframesystems,Reframe Systems Jobs,2025-12-10,2025-12-10,23
ontologize,Ontologize Jobs,2025-12-10,2025-12-10,3
velocity,Velocity Jobs,2025-12-10,2025-12-10,4
credo.ai,Credo.AI Jobs,2025-12-10,2025-12-10,5
light-inc,Light Jobs,2025-12-10,2025-12-10,22
altura,Altura Jobs,2025-12-10,2025-12-10,1
compscience,CompScience Jobs,2025-12-10,2025-12-10,6
fetch-pet-health,Fetch Pet Jobs,2025-12-10,2025-12-10,9
govwell,GovWell Jobs,2025-12-10,2025-12-10,3
dorahacks,DoraHacks Jobs,2025-12-10,2025-12-10,9
pareto-ai,Pareto.AI Jobs,2025-12-10,2025-12-10,39
atticus,Atticus Jobs,2025-12-10,2025-12-10,16
Dominion%20Dynamics,Dominion Dynamics Jobs,2025-12-10,2025-12-10,14
phylax,Phylax Systems Jobs,2025-12-10,2025-12-10,0
notable,Notable Jobs,2025-12-10,2025-12-10,10
f.actor,f.actor Jobs,2025-12-10,2025-12-10,4
blackpoint%20cyber,Blackpoint Cyber Jobs,2025-12-10,2025-12-10,17
anagram,Anagram Jobs,2025-12-10,2025-12-10,11
Cassidy,Cassidy Jobs,2025-12-10,2025-12-10,8
corvus-robotics,Corvus Robotics Jobs,2025-12-10,2025-12-10,8
lynk,Lynk Jobs,2025-12-10,2025-12-10,31
ledger,Ledger Jobs,2025-12-10,2025-12-10,24
datasnipper.com,DataSnipper Jobs,2025-12-10,2025-12-10,6
attio,Attio Jobs,2025-12-10,2025-12-10,54
frontcareers,Front Jobs,2025-12-10,2025-12-10,30
beyondsports,Beyond Sports Jobs,2025-12-10,2025-12-10,9
scribe,Scribe Jobs,2025-12-10,2025-12-10,24
meridianlink,MeridianLink Jobs,2025-12-10,2025-12-10,19
panther-life-sciences,Panther Life Sciences Jobs,2025-12-10,2025-12-10,8
phil,PHIL Jobs,2025-12-10,2025-12-10,14
offdeal,OffDeal Jobs,2025-12-10,2025-12-10,4
kikoff,Kikoff Jobs,2025-12-10,2025-12-10,36
lindy,Lindy Jobs,2025-12-10,2025-12-10,6
brainbaselabs,Brainbase Labs Jobs,2025-12-10,2025-12-10,2
webai,webAI Jobs,2025-12-10,2025-12-10,37
taaraconnect,Taara Jobs,2025-12-10,2025-12-10,14
foresite-labs-fl2024-006,Foresite Labs (Stealth Co) Jobs,2025-12-10,2025-12-10,5
parafin,Parafin Jobs,2025-12-10,2025-12-10,20
powerus,PowerUs Jobs,2025-12-10,2025-12-10,1
par%20technology,PAR Technology Jobs,2025-12-10,2025-12-10,47
goanagram,Anagram Jobs,2025-12-10,2025-12-10,11
iverify,iVerify Jobs,2025-12-10,2025-12-10,15
fractional-ai,Fractional AI Jobs,2025-12-10,2025-12-10,27
cloud9,Cloud9 Jobs,2025-12-10,2025-12-10,11
letta,Letta Jobs,2025-12-10,2025-12-10,5
response,Response Jobs,2025-12-10,2025-12-10,0
Nango,Nango Jobs,2025-12-10,2025-12-10,24
faculty,Faculty Jobs,2025-12-10,2025-12-10,47
percepta,Percepta Jobs,2025-12-10,2025-12-10,14
ideogram,Ideogram Jobs,2025-12-10,2025-12-10,30
Agentis-Capital-Advisors,Agentis Capital Advisors Jobs,2025-12-10,2025-12-10,53
rallyuxr,Rally UXR Jobs,2025-12-10,2025-12-10,6
statsig,Statsig Jobs,2025-12-10,2025-12-10,7
nexxen,Nexxen Jobs,2025-12-10,2025-12-10,45
3y-health,3Y Health Jobs,2025-12-10,2025-12-10,84
Sensat,Sensat Jobs,2025-12-10,2025-12-10,11
amigo,Amigo Jobs,2025-12-10,2025-12-10,18
noaintelligence,NOA Intelligence Jobs,2025-12-10,2025-12-10,0
coder,Coder Jobs,2025-12-10,2025-12-10,14
datawizz,Datawizz Jobs,2025-12-10,2025-12-10,5
quindar,Quindar Jobs,2025-12-10,2025-12-10,25
Libero-Capital,Libero Capital Jobs,2025-12-10,2025-12-10,4
nomic,nomic Jobs,2025-12-10,2025-12-10,6
archive,Archive Jobs,2025-12-10,2025-12-10,7
prorata,ProRata.ai Jobs,2025-12-10,2025-12-10,8
substack,Substack Jobs,2025-12-10,2025-12-10,31
se3,SE3 Labs Jobs,2025-12-10,2025-12-10,6
partsbase,PartsBase Inc. Jobs,2025-12-10,2025-12-10,11
remberg,remberg Jobs,2025-12-10,2025-12-10,7
blp-digital,BLP Digital AG Jobs,2025-12-10,2025-12-10,31
reacher,Reacher Jobs,2025-12-10,2025-12-10,7
Infinite%20Lambda,Infinite Lambda Jobs,2025-12-10,2025-12-10,13
moderntreasury,Modern Treasury Jobs,2025-12-10,2025-12-10,9
scale%20army%20careers,Scale Army Careers Jobs,2025-12-10,2025-12-10,519
Wordly.ai%20Careers,Wordly.ai Jobs,2025-12-10,2025-12-10,31
sentient,Sentient Jobs,2025-12-10,2025-12-10,21
magical,Magical Jobs,2025-12-10,2025-12-10,13
BIOptimizers,BIOptimizers Jobs,2025-12-10,2025-12-10,15
Ideal%20Dental,Ideal Dental Jobs,2025-12-10,2025-12-10,123
crusoe,Crusoe Jobs,2025-12-10,2025-12-10,337
fitzroyandassociates,Fitz-Roy &amp; Associates Jobs,2025-12-10,2025-12-10,1
wayflyer,Wayflyer Jobs,2025-12-10,2025-12-10,50
frequence,Frequence Jobs,2025-12-10,2025-12-10,4
allspice,AllSpice Jobs,2025-12-10,2025-12-10,10
kodex,Kodex Jobs,2025-12-10,2025-12-10,9
palladio,Palladio AI Jobs,2025-12-10,2025-12-10,2
casap,Casap Jobs,2025-12-10,2025-12-10,18
carwow,Carwow Jobs,2025-12-10,2025-12-10,26
wordware.ai,Wordware Jobs,2025-12-10,2025-12-10,9
tread,Tread Jobs,2025-12-10,2025-12-10,1
chakra-labs,Chakra Labs Jobs,2025-12-10,2025-12-10,2
roo-code,Roo Code Jobs,2025-12-10,2025-12-10,2
titan,Titan Jobs,2025-12-10,2025-12-10,13
Sierra,Sierra Jobs,2025-12-10,2025-12-10,111
truemed,Truemed Jobs,2025-12-10,2025-12-10,7
skyecosystem,Sky Ecosystem Jobs,2025-12-10,2025-12-10,1
tandem-health,Tandem Health  Jobs,2025-12-10,2025-12-10,29
josys,Josys Jobs,2025-12-10,2025-12-10,27
seifoundation,Sei Development Foundation Jobs,2025-12-10,2025-12-10,6
Healthtech-1,Healthtech-1 Jobs,2025-12-10,2025-12-10,2
thndr,Thndr Jobs,2025-12-10,2025-12-10,18
maxhome,Renuity Jobs,2025-12-10,2025-12-10,648
myriad-ai,Myriad AI Jobs,2025-12-10,2025-12-10,3
parker,Parker Group Inc Jobs,2025-12-10,2025-12-10,21
moab,Moab Jobs,2025-12-10,2025-12-10,6
smallpdf,smallpdf Jobs,2025-12-10,2025-12-10,10
metaforms,Metaforms Jobs,2025-12-10,2025-12-10,11
moss,Moss Jobs,2025-12-10,2025-12-10,42
benepass,Benepass Jobs,2025-12-10,2025-12-10,14
swans,Swans Jobs,2025-12-10,2025-12-10,1
almedia,Almedia Jobs,2025-12-10,2025-12-10,65
highbeam,Highbeam Jobs,2025-12-10,2025-12-10,11
sierra-studio,Sierra Studio Jobs,2025-12-10,2025-12-10,12
cartesia,Cartesia Jobs,2025-12-10,2025-12-10,32
brainco,Brain Co. Jobs,2025-12-10,2025-12-10,11
OXIO,OXIO Corporation Jobs,2025-12-10,2025-12-10,13
brellium,Brellium Jobs,2025-12-10,2025-12-10,16
salonkee,Salonkee Jobs,2025-12-10,2025-12-10,39
wisp,Wisp Jobs,2025-12-10,2025-12-10,3
airops,AirOps Jobs,2025-12-10,2025-12-10,39
RevenueVessel,Revenue Vessel Jobs,2025-12-10,2025-12-10,2
lemlist,lemlist Jobs,2025-12-10,2025-12-10,33
cytora.com,Cytora Jobs,2025-12-10,2025-12-10,12
abby-care,Abby Care Jobs,2025-12-10,2025-12-10,44
lmarena,LMArena Jobs,2025-12-10,2025-12-10,21
lime,Lime Jobs,2025-12-10,2025-12-10,71
red-gate,Redgate Jobs,2025-12-10,2025-12-10,10
pmmalliance,Product Marketing Alliance Jobs,2025-12-10,2025-12-10,6
contrast-security,Contrast Security Jobs,2025-12-10,2025-12-10,7
onepot,Onepot Jobs,2025-12-10,2025-12-10,1
shiftkey,ShiftKey Jobs,2025-12-10,2025-12-10,6
aetherflux,Aetherflux Jobs,2025-12-10,2025-12-10,12
tandem,Tandem Jobs,2025-12-10,2025-12-10,26
gitty,Gitty Jobs,2025-12-10,2025-12-10,17
atlan,Atlan Jobs,2025-12-10,2025-12-10,44
traba,Traba Jobs,2025-12-10,2025-12-10,34
praxipal,praxipal Jobs,2025-12-10,2025-12-10,7
Catio,Catio Jobs,2025-12-10,2025-12-10,1
clerk,Clerk Jobs,2025-12-10,2025-12-10,9
haystacknews,Haystack News Jobs,2025-12-10,2025-12-10,17
Rasa,Rasa Jobs,2025-12-10,2025-12-10,6
voxel,Voxel Jobs,2025-12-10,2025-12-10,8
Linkup,Linkup Jobs,2025-12-10,2025-12-10,12
nevoya,Nevoya Jobs,2025-12-10,2025-12-10,11
apex-technology-inc,"Apex Technology, Inc. Jobs",2025-12-10,2025-12-10,86
rula,Rula Jobs,2025-12-10,2025-12-10,15
sibill,Sibill Srl Jobs,2025-12-10,2025-12-10,7
g2i,G2i Inc. Jobs,2025-12-10,2025-12-10,1763
knowunity,Knowunity GmbH Jobs,2025-12-10,2025-12-10,27
ema,Ema Jobs,2025-12-10,2025-12-10,73
mirage,Mirage Jobs,2025-12-10,2025-12-10,9
pariveda,Pariveda Jobs,2025-12-10,2025-12-10,18
GPTZero,GPTZero Jobs,2025-12-10,2025-12-10,15
infinity-constellation,Infinity Jobs,2025-12-10,2025-12-10,26
Cape,Cape Jobs,2025-12-10,2025-12-10,23
asymmetric.re,asymmetric.re Jobs,2025-12-10,2025-12-10,5
tinkermode,"MODE, Inc. Jobs",2025-12-10,2025-12-10,3
FLORA,FLORA Jobs,2025-12-10,2025-12-10,11
langdock,Langdock Jobs,2025-12-10,2025-12-10,7
kimarutalent,KIMARU Talent Jobs,2025-12-10,2025-12-10,9
rasa,Rasa Jobs,2025-12-10,2025-12-10,6
Gardens,Gardens Interactive Jobs,2025-12-10,2025-12-10,2
uipath,UiPath Jobs,2025-12-10,2025-12-10,150
kiwi,Kiwi Financial Inc Jobs,2025-12-10,2025-12-10,6
passage,Passage Jobs,2025-12-10,2025-12-10,15
mobbin.com,Mobbin Jobs,2025-12-10,2025-12-10,6
mentis,Mentis AI Jobs,2025-12-10,2025-12-10,26
twelve-labs,TwelveLabs Jobs,2025-12-10,2025-12-10,33
e2b,e2b Jobs,2025-12-10,2025-12-10,12
socure,Socure Jobs,2025-12-10,2025-12-10,49
stickermule,Sticker Mule Jobs,2025-12-10,2025-12-10,3
revv-hq,Revv Jobs,2025-12-10,2025-12-10,2
brighthire-sandbox,Brighthire Sandbox Jobs,2025-12-10,2025-12-10,0
southgeeks,South Geeks Jobs,2025-12-10,2025-12-10,15
ambrook,Ambrook Jobs,2025-12-10,2025-12-10,45
Scale%20Army%20Careers,Scale Army Careers Jobs,2025-12-10,2025-12-10,519
stealth-startup-k,Stealth Startup (K) Jobs,2025-12-10,2025-12-10,0
modal,Modal Jobs,2025-12-10,2025-12-10,33
skyflow,Skyflow,2025-12-10,2025-12-10,10
procure,"ProCure, LLC Jobs",2025-12-10,2025-12-10,2
padlet,Padlet Jobs,2025-12-10,2025-12-10,19
jerry,Jerry,2025-12-10,2025-12-10,0
joko,Joko Jobs,2025-12-10,2025-12-10,56
magicschool,MagicSchool AI Jobs,2025-12-10,2025-12-10,22
Commure,Commure Jobs,2025-12-10,2025-12-10,118
netboxlabs,NetBox Labs Jobs,2025-12-10,2025-12-10,12
solace,Solace Jobs,2025-12-10,2025-12-10,23
maki,MakiPeople Jobs,2025-12-10,2025-12-10,20
cortea,Cortea AI Jobs,2025-12-10,2025-12-10,8
greenlite,Greenlite AI Jobs,2025-12-10,2025-12-10,8
lilt-production,LILT (Production) Jobs,2025-12-10,2025-12-10,219
oneschema,OneSchema Jobs,2025-12-10,2025-12-10,3
safelease,SafeLease Jobs,2025-12-10,2025-12-10,12
gigaml,Giga Jobs,2025-12-10,2025-12-10,19
vitalize,Vitalize Jobs,2025-12-10,2025-12-10,8
firstround,First Round Capital Jobs,2025-12-10,2025-12-10,7
nory,Nory Jobs,2025-12-10,2025-12-10,21
isometric,Isometric Jobs,2025-12-10,2025-12-10,7
tryroam,Roam Jobs,2025-12-10,2025-12-10,7
clean-nutraceuticals,Clean Nutraceuticals Jobs,2025-12-10,2025-12-10,6
slash-financial,Slash Financial Jobs,2025-12-10,2025-12-10,12
bevel,Bevel Jobs,2025-12-10,2025-12-10,5
blackbird-labs-inc,Blackbird Labs Inc Jobs,2025-12-10,2025-12-10,15
mai,MAI Jobs,2025-12-10,2025-12-10,7
yubo,Yubo Jobs,2025-12-10,2025-12-10,12
apify,Apify Technologies s.r.o. Jobs,2025-12-10,2025-12-10,24
bitnomial,Bitnomial Jobs,2025-12-10,2025-12-10,0
whatnot,Whatnot Jobs,2025-12-10,2025-12-10,255
centivo,Centivo Jobs,2025-12-10,2025-12-10,16
Electric,Electric Jobs,2025-12-10,2025-12-10,5
turbopuffer,turbopuffer Jobs,2025-12-10,2025-12-10,10
commonroom,Common Room Jobs,2025-12-10,2025-12-10,13
taktile,Taktile Jobs,2025-12-10,2025-12-10,28
coldstartventures,Cold Start Ventures Jobs,2025-12-10,2025-12-10,9
hive.co,hive.co Jobs,2025-12-10,2025-12-10,18
topline-pro,Topline Pro Jobs,2025-12-10,2025-12-10,15
tenjin,Tenjin Jobs,2025-12-10,2025-12-10,6
Influxdata,InfluxData Jobs,2025-12-10,2025-12-10,5
Deel,Deel Jobs,2025-12-10,2025-12-10,1034
emerald-ai,Emerald AI Jobs,2025-12-10,2025-12-10,14
eliseai,EliseAI Jobs,2025-12-10,2025-12-10,154
what3words,what3words Jobs,2025-12-10,2025-12-10,10
dosespot,DoseSpot Jobs,2025-12-10,2025-12-10,8
windranger,Windranger Labs Jobs,2025-12-10,2025-12-10,22
Blacksmith%20Agency,Blacksmith Agency Jobs,2025-12-10,2025-12-10,16
goodparty,GoodParty.org Jobs,2025-12-10,2025-12-10,8
steuerbot,Steuerbot Jobs,2025-12-10,2025-12-10,5
i3d,i3D.net Jobs,2025-12-10,2025-12-10,10
zencastr,Zencastr Jobs,2025-12-10,2025-12-10,6
Junction,Junction Jobs,2025-12-10,2025-12-10,10
protege,Protege Jobs,2025-12-10,2025-12-10,20
fwd-people,FWD People Jobs,2025-12-10,2025-12-10,10
primer,Primer Jobs,2025-12-10,2025-12-10,34
capital-v-strategies,Capital V Strategies Jobs,2025-12-10,2025-12-10,2
Mapbox,Mapbox Jobs,2025-12-10,2025-12-10,81
probook,Probook Jobs,2025-12-10,2025-12-10,5
acorns,Acorns Jobs,2025-12-10,2025-12-10,9
smith-engineering,Smith Engineering Jobs,2025-12-10,2025-12-10,4
voltai.careers,Voltai Jobs,2025-12-10,2025-12-10,20
podium-automation,Podium Automation Jobs,2025-12-10,2025-12-10,3
jamssoftware,JAMS Software Jobs,2025-12-10,2025-12-10,2
squint.ai,Squint Inc Jobs,2025-12-10,2025-12-10,10
chromatic,Chromatic Jobs,2025-12-10,2025-12-10,4
bedrockocean,Bedrock Ocean Exploration Jobs,2025-12-10,2025-12-10,6
ace-1-media,Ace 1 Media Jobs,2025-12-10,2025-12-10,4
Resilience%20Care,Resilience Care Jobs,2025-12-10,2025-12-10,29
Local%20Infusion,Local Infusion Jobs,2025-12-10,2025-12-10,75
river,River Jobs,2025-12-10,2025-12-10,3
fruitist,Fruitist Jobs,2025-12-10,2025-12-10,5
acai,Acai Travel Jobs,2025-12-10,2025-12-10,4
tako,Tako Jobs,2025-12-10,2025-12-10,12
blockstream,Blockstream Jobs,2025-12-10,2025-12-10,15
fluidstack,Fluidstack Jobs,2025-12-10,2025-12-10,113
udisc,UDisc Jobs,2025-12-10,2025-12-10,0
astra,Astra Jobs,2025-12-10,2025-12-10,5
aphex,Aphex Jobs,2025-12-10,2025-12-10,9
a-place-for-mom,A Place for Mom Jobs,2025-12-10,2025-12-10,80
arbiter-ai,Arbiter AI Jobs,2025-12-10,2025-12-10,13
swoop,Swoop Technologies Jobs,2025-12-10,2025-12-10,6
virtahealth,Virta Health Jobs,2025-12-10,2025-12-10,30
citizen,Citizen Jobs,2025-12-10,2025-12-10,3
zeal-network,Zeal Network Jobs,2025-12-10,2025-12-10,14
flink,Flink Robotics Jobs,2025-12-10,2025-12-10,2
monarchmoney,Monarch Money Jobs,2025-12-10,2025-12-10,8
Runway,Runway Financial Jobs,2025-12-10,2025-12-10,5
strikecapital,Strike Capital Jobs,2025-12-10,2025-12-10,1
stigg,Stigg Jobs,2025-12-10,2025-12-10,13
vandenboomassociates,van den Boom &amp; Associates Jobs,2025-12-10,2025-12-10,9
deliveroo,Deliveroo Jobs,2025-12-10,2025-12-10,270
formenergy,Formenergy,2025-12-10,2025-12-10,62
finalis,Finalis Jobs,2025-12-10,2025-12-10,7
Grindr%20LLC,Grindr Jobs,2025-12-10,2025-12-10,54
hoplynk,Hoplynk Jobs,2025-12-10,2025-12-10,12
SigNoz,SigNoz Jobs,2025-12-10,2025-12-10,12
bespokelabs,Bespoke Labs Jobs,2025-12-10,2025-12-10,8
prosper-ai,Prosper AI Jobs,2025-12-10,2025-12-10,2
polygon-labs,Polygon Labs Jobs,2025-12-10,2025-12-10,5
withpulley,Pulley Jobs,2025-12-10,2025-12-10,32
finalroundai,Finalroundai Jobs,2025-12-10,2025-12-10,11
coreoftheheart,Core of the Heart Jobs,2025-12-10,2025-12-10,10
Lynk,Lynk Jobs,2025-12-10,2025-12-10,31
unitxlabs,UnitX Jobs,2025-12-10,2025-12-10,7
Rox-Data-Corp,Rox Data Corp Jobs,2025-12-10,2025-12-10,19
medely,Medely Jobs,2025-12-10,2025-12-10,2
Gumloop,Gumloop Jobs,2025-12-10,2025-12-10,9
storyco,StoryCo Jobs,2025-12-10,2025-12-10,5
DehazeLabs,Dehazelabs Jobs,2025-12-10,2025-12-10,2
Etched,Etched Jobs,2025-12-10,2025-12-10,55
voladynamics,Vola Dynamics Jobs,2025-12-10,2025-12-10,2
general-counsel-ai,GC AI Jobs,2025-12-10,2025-12-10,19
langfuse,Langfuse Jobs,2025-12-10,2025-12-10,12
russell-alexander-family-lawyers,Russell Alexander Collaborative Family Lawyers Jobs,2025-12-10,2025-12-10,5
Forward%20Financing,Forward Financing Jobs,2025-12-10,2025-12-10,40
riveron,Riveron Jobs,2025-12-10,2025-12-10,312
phantom,Phantom Jobs,2025-12-10,2025-12-10,26
solcoa,Solcoa Industries Jobs,2025-12-10,2025-12-10,7
hike-medical,Hike Medical Co Jobs,2025-12-10,2025-12-10,4
onereach.ai,OneReach.ai Jobs,2025-12-10,2025-12-10,1
sieve,Sieve Jobs,2025-12-10,2025-12-10,4
openai,OpenAI Jobs,2025-12-10,2025-12-10,507
jackarcher,Jack Archer Jobs,2025-12-10,2025-12-10,4
every-io,Every.io Jobs,2025-12-10,2025-12-10,4
decimal,Decimal Jobs,2025-12-10,2025-12-10,3
atomic,Atomic Jobs,2025-12-10,2025-12-10,8
blockworks,Blockworks Jobs,2025-12-10,2025-12-10,8
builder-prime,Builder Prime Jobs,2025-12-10,2025-12-10,3
alcazar-energy,Alcazar Energy Jobs,2025-12-10,2025-12-10,11
payflip,Payflip  Jobs,2025-12-10,2025-12-10,2
aerovect,AeroVect Jobs,2025-12-10,2025-12-10,100
ClinicallyAI,Clinically AI Jobs,2025-12-10,2025-12-10,6
playpowerlabs,Playpower Labs Jobs,2025-12-10,2025-12-10,3
avala,Avala Jobs,2025-12-10,2025-12-10,4
runway,Runway Financial Jobs,2025-12-10,2025-12-10,5
atroposhealth,Atropos Health Jobs,2025-12-10,2025-12-10,7
reprally,RepRally Jobs,2025-12-10,2025-12-10,6
hiya,Hiya Jobs,2025-12-10,2025-12-10,18
physicalintelligence,Physical Intelligence Jobs,2025-12-10,2025-12-10,5
signal-ai,Signal AI  Jobs,2025-12-10,2025-12-10,9
knot,Knot Jobs,2025-12-10,2025-12-10,11
sfcompute,The San Francisco Compute Company Jobs,2025-12-10,2025-12-10,9
kinship,Kinship Jobs,2025-12-10,2025-12-10,6
monq,Monq Ltd Jobs,2025-12-10,2025-12-10,42
day9,Day[9]&#39;s Game Studio Jobs,2025-12-10,2025-12-10,0
sybill-ai,Sybill AI Jobs,2025-12-10,2025-12-10,3
sisu,Sisu Jobs,2025-12-10,2025-12-10,2
firstmate,FirstMate Jobs,2025-12-10,2025-12-10,8
seon,Seon Jobs,2025-12-10,2025-12-10,22
Merge%20Labs,Merge Labs Jobs,2025-12-10,2025-12-10,19
clasp-group,Clasp Jobs,2025-12-10,2025-12-10,19
flux-computing,Flux Jobs,2025-12-10,2025-12-10,31
m-kopa,M-KOPA Jobs,2025-12-10,2025-12-10,207
Steadily,Steadily Jobs,2025-12-10,2025-12-10,29
remarcable-inc,"Remarcable, Inc. Jobs",2025-12-10,2025-12-10,13
fundamentalresearchlabs,Fundamental Research Labs Jobs,2025-12-10,2025-12-10,12
permitflow,PermitFlow Jobs,2025-12-10,2025-12-10,36
0x,0x Jobs,2025-12-10,2025-12-10,10
docker,Docker Jobs,2025-12-10,2025-12-10,76
harperinsure,Harper Jobs,2025-12-10,2025-12-10,7
brinc,BRINC Jobs,2025-12-10,2025-12-10,22
SearchApi,SearchApi Jobs,2025-12-10,2025-12-10,116
SecondDinner,Second Dinner Jobs,2025-12-10,2025-12-10,4
jellyfishcareers,Jellyfish Jobs,2025-12-10,2025-12-10,60
i-onx,I/ONX HPC Jobs,2025-12-10,2025-12-10,2
fieldguide,Fieldguide Jobs,2025-12-10,2025-12-10,30
Blacksmith,Blacksmith Jobs,2025-12-10,2025-12-10,12
artisan,Artisan Jobs,2025-12-10,2025-12-10,14
machinify,Machinify Jobs,2025-12-10,2025-12-10,24
profound,Profound Jobs,2025-12-10,2025-12-10,59
leangap,Leangap Jobs,2025-12-10,2025-12-10,7
amboss,AMBOSS  Jobs,2025-12-10,2025-12-10,37
exa,Exa Jobs,2025-12-10,2025-12-10,25
dottxt,dottxt Jobs,2025-12-10,2025-12-10,1
Gitty,Gitty Jobs,2025-12-10,2025-12-10,17
chief,Chief Jobs,2025-12-10,2025-12-10,6
airapps,Air Apps Jobs,2025-12-10,2025-12-10,69
personainc.ai,Persona AI Inc Jobs,2025-12-10,2025-12-10,11
homebase,Homebase Jobs,2025-12-10,2025-12-10,51
Sahara,Sahara Jobs,2025-12-10,2025-12-10,11
workyard,Workyard Jobs,2025-12-10,2025-12-10,8
believer,Believer Jobs,2025-12-10,2025-12-10,1
openrouter,OpenRouter Jobs,2025-12-10,2025-12-10,7
Vytalize%20Health,Vytalize Health Jobs,2025-12-10,2025-12-10,6
coactive,Coactive AI Jobs,2025-12-10,2025-12-10,6
rehire,Rehire Jobs,2025-12-10,2025-12-10,42
brale,Brale Jobs,2025-12-10,2025-12-10,4
basis-ai,Basis AI Jobs,2025-12-10,2025-12-10,20
TaptapSend,Taptap Send Jobs,2025-12-10,2025-12-10,33
vasco,Vasco Jobs,2025-12-10,2025-12-10,2
latamcent,LatamCent Jobs,2025-12-10,2025-12-10,141
numeral,Numeral Jobs,2025-12-10,2025-12-10,19
altimate,Altimate.ai Jobs,2025-12-10,2025-12-10,22
hivehealth,Hive Health Jobs,2025-12-10,2025-12-10,37
yumaai,Yuma AI Jobs,2025-12-10,2025-12-10,6
daydream,DayDream Jobs,2025-12-10,2025-12-10,6
orbital,Orbital Jobs,2025-12-10,2025-12-10,15
Fuel-Cycle,Fuel Cycle Jobs,2025-12-10,2025-12-10,14
conductorai,ConductorAI Jobs,2025-12-10,2025-12-10,7
fira-health,Fira Health Jobs,2025-12-10,2025-12-10,5
buildwithfern,Fern Jobs,2025-12-10,2025-12-10,9
PaxosLabs,Paxos Labs Jobs,2025-12-10,2025-12-10,9
stably.ai,Stably Jobs,2025-12-10,2025-12-10,3
avra,Avra Jobs,2025-12-10,2025-12-10,5
qed-ai,QED.ai Jobs,2025-12-10,2025-12-10,23
greptile,Greptile Jobs,2025-12-10,2025-12-10,9
REGENT,REGENT Jobs,2025-12-10,2025-12-10,22
media-mogul,Mogul &amp; Co. Jobs,2025-12-10,2025-12-10,4
aim4hire,Aim4Hire Jobs,2025-12-10,2025-12-10,11
confiant,Confiant Jobs,2025-12-10,2025-12-10,1
observeinc,"Observe, Inc. Jobs",2025-12-10,2025-12-10,24
garage,Garage Jobs,2025-12-10,2025-12-10,8
versemedical,Verse Medical Jobs,2025-12-10,2025-12-10,22
buildout,Buildout Jobs,2025-12-10,2025-12-10,5
omnea,Omnea Jobs,2025-12-10,2025-12-10,40
suno,Suno Jobs,2025-12-10,2025-12-10,112
Silver,Silver.dev Jobs,2025-12-10,2025-12-10,44
themuralgroup,Mural Group Jobs,2025-12-10,2025-12-10,10
vea-connect,VEA Connect Jobs,2025-12-10,2025-12-10,6
simular,Simular Jobs,2025-12-10,2025-12-10,24
stellic,Stellic Jobs,2025-12-10,2025-12-10,22
Phil,PHIL Jobs,2025-12-10,2025-12-10,14
conversion,Conversion Jobs,2025-12-10,2025-12-10,7
seneca,Seneca Jobs,2025-12-10,2025-12-10,13
kalshi,Kalshi Jobs,2025-12-10,2025-12-10,15
momentic,Momentic Jobs,2025-12-10,2025-12-10,5
iota-bio,"iota Biosciences, Inc. Jobs",2025-12-10,2025-12-10,5
jump-app,Jump Jobs,2025-12-10,2025-12-10,18
gallatin,Gallatin Jobs,2025-12-10,2025-12-10,42
helius,Helius Jobs,2025-12-10,2025-12-10,15
product-now,ProductNow Jobs,2025-12-10,2025-12-10,4
reflectionai,Reflection Jobs,2025-12-10,2025-12-10,34
genmo,Genmo Jobs,2025-12-10,2025-12-10,10
jump,Jump Jobs,2025-12-10,2025-12-10,8
develop-health,Develop Health Jobs,2025-12-10,2025-12-10,10
Tempo,Tempo Jobs,2025-12-10,2025-12-10,21
krea,Krea Jobs,2025-12-10,2025-12-10,10
Post,Post. Jobs,2025-12-10,2025-12-10,4
Leapsome,Leapsome Jobs,2025-12-10,2025-12-10,22
dittoai,Ditto AI Jobs,2025-12-10,2025-12-10,9
cobot,Cobot Jobs,2025-12-10,2025-12-10,29
base-operations,Base Operations Jobs,2025-12-10,2025-12-10,3
salesape-ai,SalesAPE.ai Jobs,2025-12-10,2025-12-10,3
omni,Omni Analytics Jobs,2025-12-10,2025-12-10,15
eli,Eli Health Jobs,2025-12-10,2025-12-10,4
vantai,VantAI Jobs,2025-12-10,2025-12-10,30
mollie,Mollie Jobs,2025-12-10,2025-12-10,56
pathos,Pathos Jobs,2025-12-10,2025-12-10,6
pandektes,Pandektes Jobs,2025-12-10,2025-12-10,10
Ideal%20Dental%20Group,Ideal%20Dental%20Group,2025-12-10,2025-12-10,0
d-matrix,d-Matrix Jobs,2025-12-10,2025-12-10,43
warp,Warp Jobs,2025-12-10,2025-12-10,5
Fizz,Fizz Jobs,2025-12-10,2025-12-10,6
The%20Job%20Sauce,The Job Sauce Jobs,2025-12-10,2025-12-10,17
newfront,Newfront Jobs,2025-12-10,2025-12-10,24
roadsurfer.com,Roadsurfer Jobs,2025-12-10,2025-12-10,164
hawk,Hawk Jobs,2025-12-10,2025-12-10,33
sellerx,SellerX Jobs,2025-12-10,2025-12-10,2
lap,LAP Coffee Jobs,2025-12-10,2025-12-10,7
Perk,Perk Jobs,2025-12-10,2025-12-10,212
brigit,Brigit Jobs,2025-12-10,2025-12-10,19
apollo-graphql,Apollo GraphQL Jobs,2025-12-10,2025-12-10,9
flagright.com,Flagright Jobs,2025-12-10,2025-12-10,10
betterup,BetterUp Jobs,2025-12-10,2025-12-10,69
council-capital,Council Capital Jobs,2025-12-10,2025-12-10,1
polarsteps,Polarsteps Jobs,2025-12-10,2025-12-10,5
deposco,Deposco Jobs,2025-12-10,2025-12-10,19
buspatrol,BusPatrol Jobs,2025-12-10,2025-12-10,2
conduct,Conduct Jobs,2025-12-10,2025-12-10,6
toogeza,Toogeza Jobs,2025-12-10,2025-12-10,58
fortreum,Fortreum Jobs,2025-12-10,2025-12-10,4
noetica,Noetica Jobs,2025-12-10,2025-12-10,8
pplwise,pplwise Jobs,2025-12-10,2025-12-10,215
Sonio,Sonio Jobs,2025-12-10,2025-12-10,19
orbit,Orbit Neuro Co. Jobs,2025-12-10,2025-12-10,2
everops,EverOps Jobs,2025-12-10,2025-12-10,2
anima,Anima Jobs,2025-12-10,2025-12-10,12
puzzle.io,Puzzle.io Jobs,2025-12-10,2025-12-10,5
union,Union.ai Jobs,2025-12-10,2025-12-10,32
everfield,Everfield Jobs,2025-12-10,2025-12-10,35
starpath.space,Starpath Robotics Jobs,2025-12-10,2025-12-10,6
chalice,Chalice Custom Algorithms Jobs,2025-12-10,2025-12-10,3
latent,Latent Jobs,2025-12-10,2025-12-10,14
Jerry.ai,Jerry.ai Jobs,2025-12-10,2025-12-10,421
grayce,Grayce Jobs,2025-12-10,2025-12-10,3
ataraxis-ai,Ataraxis AI Jobs,2025-12-10,2025-12-10,3
ambient.ai,Ambient.ai Jobs,2025-12-10,2025-12-10,22
TerraFirma,TerraFirma Robotics Jobs,2025-12-10,2025-12-10,18
spearbio,Spear Bio Jobs,2025-12-10,2025-12-10,8
voodoo,Voodoo  Jobs,2025-12-10,2025-12-10,233
transgrid-energy,TransGrid Energy Jobs,2025-12-10,2025-12-10,6
bayesianhealth,"Bayesian Health, Inc. Jobs",2025-12-10,2025-12-10,12
madecard,Made Card Jobs,2025-12-10,2025-12-10,17
Rothys,Rothy&#39;s Jobs,2025-12-10,2025-12-10,62
Aquant,Aquant Jobs,2025-12-10,2025-12-10,3
Second-Front-Systems,Second Front Systems Jobs,2025-12-10,2025-12-10,13
vorticity,Vorticity Inc. Jobs,2025-12-10,2025-12-10,4
maple,Maple Jobs,2025-12-10,2025-12-10,8
complete,Complete Jobs,2025-12-10,2025-12-10,6
atomicindustries,Atomic Industries Jobs,2025-12-10,2025-12-10,17
dave,Dave Jobs,2025-12-10,2025-12-10,6
phoenix,Phoenix Jobs,2025-12-10,2025-12-10,12
stork,Stork Labs Jobs,2025-12-10,2025-12-10,3
Prompt,Prompt Jobs,2025-12-10,2025-12-10,24
pylon-labs,Pylon Jobs,2025-12-10,2025-12-10,20
lucra-sports,Lucra Sports Jobs,2025-12-10,2025-12-10,4
newlantern,New Lantern Jobs,2025-12-10,2025-12-10,12
codes-health,Codes Health Jobs,2025-12-10,2025-12-10,1
barnes,Barnes &amp; Thornburg LLP Jobs,2025-12-10,2025-12-10,55
hiive,Hiive Jobs,2025-12-10,2025-12-10,28
canadavisa,CanadaVisa Jobs,2025-12-10,2025-12-10,1
harmonic,Harmonic Jobs,2025-12-10,2025-12-10,8
everai,EverAI Jobs,2025-12-10,2025-12-10,280
airgarage,AirGarage Jobs,2025-12-10,2025-12-10,15
glimp-se,Glimpse Jobs,2025-12-10,2025-12-10,2
mindly,Mindly Jobs,2025-12-10,2025-12-10,6
valcre,Valcre Jobs,2025-12-10,2025-12-10,1
monad.foundation,Monad Foundation Jobs,2025-12-10,2025-12-10,22
synonym,Synonym Jobs,2025-12-10,2025-12-10,2
DeepL,DeepL Jobs,2025-12-10,2025-12-10,132
prompt,Prompt Jobs,2025-12-10,2025-12-10,24
Red6,Red 6 Jobs,2025-12-10,2025-12-10,28
vetcove,Vetcove Jobs,2025-12-10,2025-12-10,25
yobi,Yobi Jobs,2025-12-10,2025-12-10,10
virtuous,Virtuous Jobs,2025-12-10,2025-12-10,18
taptapsend,Taptap Send Jobs,2025-12-10,2025-12-10,33
oso,Oso Jobs,2025-12-10,2025-12-10,7
twine,Twine Jobs,2025-12-10,2025-12-10,2
rescale,Rescale Jobs,2025-12-10,2025-12-10,13
triumph-arcade,Triumph Arcade Jobs,2025-12-10,2025-12-10,11
spaice-tech,SPAICE Jobs,2025-12-10,2025-12-10,4
Playground,Playground Jobs,2025-12-10,2025-12-10,22
luminovo,Luminovo Jobs,2025-12-10,2025-12-10,23
netic,Netic Jobs,2025-12-10,2025-12-10,18
Toku,Toku Jobs,2025-12-10,2025-12-10,16
corgi,Corgi Insurance Jobs,2025-12-10,2025-12-10,30
MediCircle,MediCircle Jobs,2025-12-10,2025-12-10,6
granted,Granted Jobs,2025-12-10,2025-12-10,7
MUBI,MUBI Jobs,2025-12-10,2025-12-10,2
magic.dev,Magic AI Jobs,2025-12-10,2025-12-10,26
pylon,Pylon Jobs,2025-12-10,2025-12-10,16
Prima%20Mente,Prima Mente Jobs,2025-12-10,2025-12-10,12
weave,Weave Jobs,2025-12-10,2025-12-10,31
kayak,KAYAK Software Corporation Jobs,2025-12-10,2025-12-10,43
venatus.com,Venatus Jobs,2025-12-10,2025-12-10,5
nest-health,Nest Health Jobs,2025-12-10,2025-12-10,31
airnxt,AirNxt Jobs,2025-12-10,2025-12-10,11
outputinc,Output Inc Jobs,2025-12-10,2025-12-10,1
voltagepark.com,Voltage Park Jobs,2025-12-10,2025-12-10,20
peec,Peec AI Jobs,2025-12-10,2025-12-10,24
Citizen%20Health,Citizen Health Jobs,2025-12-10,2025-12-10,10
tigerdata,Tiger Data Jobs,2025-12-10,2025-12-10,23
tivita,Tivita Jobs,2025-12-10,2025-12-10,3
dehazelabs,Dehazelabs Jobs,2025-12-10,2025-12-10,2
kyra,Kyra Jobs,2025-12-10,2025-12-10,23
atrato,Atrato Jobs,2025-12-10,2025-12-10,2
decagon,Decagon Jobs,2025-12-10,2025-12-10,78
cyberhaven,Cyberhaven Jobs,2025-12-10,2025-12-10,42
aisle3,Aisle3 Jobs,2025-12-10,2025-12-10,3
sully-ai,Sully.ai Jobs,2025-12-10,2025-12-10,23
tortus,TORTUS Jobs,2025-12-10,2025-12-10,1
defy-security,Defy Security Jobs,2025-12-10,2025-12-10,10
Speak,Speak Jobs,2025-12-10,2025-12-10,49
orca,Orca Jobs,2025-12-10,2025-12-10,3
ElevenLabs,ElevenLabs Jobs,2025-12-10,2025-12-10,264
Conduit,Conduit Jobs,2025-12-10,2025-12-10,8
clearvector,ClearVector Jobs,2025-12-10,2025-12-10,6
quilter,Quilter Jobs,2025-12-10,2025-12-10,7
array-behavioral-care,Array Behavioral Care Jobs,2025-12-10,2025-12-10,14
backmarket,Back Market Jobs,2025-12-10,2025-12-10,43
coretylynt,CoreTylynt Jobs,2025-12-10,2025-12-10,32
c-side,c/side Jobs,2025-12-10,2025-12-10,23
Accord,Accord Jobs,2025-12-10,2025-12-10,3
Kombo,Kombo Jobs,2025-12-10,2025-12-10,6
deltia,Deltia Jobs,2025-12-10,2025-12-10,15
mimica,Mimica Jobs,2025-12-10,2025-12-10,69
vooma,Vooma Jobs,2025-12-10,2025-12-10,13
cloudscaler,Cloudscaler Jobs,2025-12-10,2025-12-10,11
quant-aq,QuantAQ Jobs,2025-12-10,2025-12-10,3
chipstack,ChipStack Jobs,2025-12-10,2025-12-10,11
articul8,Articul8 Jobs,2025-12-10,2025-12-10,27
ambiencehealthcare,Ambience Healthcare Jobs,2025-12-10,2025-12-10,20
sxaler,Sxaler Jobs,2025-12-10,2025-12-10,0
category-labs,Category Labs Jobs,2025-12-10,2025-12-10,13
writer,WRITER Jobs,2025-12-10,2025-12-10,64
Unlearn,Unlearn Jobs,2025-12-10,2025-12-10,6
cuesta-partners,Cuesta Partners Jobs,2025-12-10,2025-12-10,19
stay22,Stay22 Jobs,2025-12-10,2025-12-10,13
honeydew,Honeydew Jobs,2025-12-10,2025-12-10,18
fitt,Fitt Talent Partners Jobs,2025-12-10,2025-12-10,17
peak-reservations,Peak Reservations Jobs,2025-12-10,2025-12-10,9
iwoca.co.uk,iwoca Jobs,2025-12-10,2025-12-10,143
havocai,HavocAI Jobs,2025-12-10,2025-12-10,21
leona,Leona Health Jobs,2025-12-10,2025-12-10,8
cradlebio,Cradle Jobs,2025-12-10,2025-12-10,16
netwealth,Netwealth Jobs,2025-12-10,2025-12-10,14
Chiru%20Labs,Azuki Jobs,2025-12-10,2025-12-10,6
nursa,Nursa Jobs,2025-12-10,2025-12-10,1
heyjobs,HeyJobs Jobs,2025-12-10,2025-12-10,15
Away,Away Jobs,2025-12-10,2025-12-10,18
The-Learning-Spectrum,The Learning Spectrum Jobs,2025-12-10,2025-12-10,6
range,Range Jobs,2025-12-10,2025-12-10,43
technitask,Technitask Jobs,2025-12-10,2025-12-10,10
Pear-VC,Pear VC Jobs,2025-12-10,2025-12-10,118
Applied-Behavioral-Services,Applied Behavioral Services Jobs,2025-12-10,2025-12-10,4
atominvest,Atominvest Jobs,2025-12-10,2025-12-10,7
maybern,Maybern Jobs,2025-12-10,2025-12-10,22
zefir,Zefir Jobs,2025-12-10,2025-12-10,16
lyric,Lyric Jobs,2025-12-10,2025-12-10,40
opusclip,OpusClip Jobs,2025-12-10,2025-12-10,14
eotlabs,EoT Labs GmbH Jobs,2025-12-10,2025-12-10,10
cointracker,CoinTracker Jobs,2025-12-10,2025-12-10,30
addi,Addi Jobs,2025-12-10,2025-12-10,13
videa.ai,VideaHealth Jobs,2025-12-10,2025-12-10,24
Hamming%20AI,Hamming AI Jobs,2025-12-10,2025-12-10,2
unlearn,Unlearn Jobs,2025-12-10,2025-12-10,6
take2,Take2 Jobs,2025-12-10,2025-12-10,5
rundoo,Rundoo Jobs,2025-12-10,2025-12-10,10
contoro,Contoro Inc. Jobs,2025-12-10,2025-12-10,11
wemolo,Wemolo Jobs,2025-12-10,2025-12-10,16
thebotcompany,The Bot Company Jobs,2025-12-10,2025-12-10,13
peek,Peek Jobs,2025-12-10,2025-12-10,13
ona,Ona Jobs,2025-12-10,2025-12-10,4
Vetcove,Vetcove Jobs,2025-12-10,2025-12-10,25
blacksmith,Blacksmith Jobs,2025-12-10,2025-12-10,12
metriport,Metriport Jobs,2025-12-10,2025-12-10,4
dyneti,Dyneti Jobs,2025-12-10,2025-12-10,9
odys-aviation,Odys Aviation Jobs,2025-12-10,2025-12-10,7
meter,Meter Jobs,2025-12-10,2025-12-10,124
lema,Lema.AI Jobs,2025-12-10,2025-12-10,4
qumis,Qumis Jobs,2025-12-10,2025-12-10,14
double,Double Jobs,2025-12-10,2025-12-10,7
kirin,Kirin Jobs,2025-12-10,2025-12-10,110
plots,Plots Jobs,2025-12-10,2025-12-10,3
stream,Stream Jobs,2025-12-10,2025-12-10,14
axiom-co,Axiom Jobs,2025-12-10,2025-12-10,8
stronghold,Stronghold Jobs,2025-12-10,2025-12-10,5
WideField%20Security,WideField Security Jobs,2025-12-10,2025-12-10,13
simple-ai,Simple AI Jobs,2025-12-10,2025-12-10,6
shepherd,Shepherd Jobs,2025-12-10,2025-12-10,22
alpic,Alpic Jobs,2025-12-10,2025-12-10,7
reonic,Reonic Jobs,2025-12-10,2025-12-10,30
fella,Aios Medical  (YC W20/S21) Jobs,2025-12-10,2025-12-10,35
trlyr.com,terralayr Jobs,2025-12-10,2025-12-10,0
proxima-fusion,Proxima Fusion GmbH Jobs,2025-12-10,2025-12-10,47
polaranalytics,Polar Analytics Jobs,2025-12-10,2025-12-10,1
ens-labs,ENS Labs Jobs,2025-12-10,2025-12-10,45
bitstack,Bitstack Jobs,2025-12-10,2025-12-10,12
abe,Abe Jobs,2025-12-10,2025-12-10,426
directive,Directive Consulting Jobs,2025-12-10,2025-12-10,1007
flentasticjobs,Flent Jobs,2025-12-10,2025-12-10,7
one-pass-solutions,One Pass Solutions Jobs,2025-12-10,2025-12-10,79
procurementsciences,Procurement Sciences Jobs,2025-12-10,2025-12-10,16
mui,MUI Jobs,2025-12-10,2025-12-10,1
sagecare,Sage Care Inc Jobs,2025-12-10,2025-12-10,6
tilthq,Tilt Finance Jobs,2025-12-10,2025-12-10,38
cyvl,Cyvl Jobs,2025-12-10,2025-12-10,4
Tabs,Tabs Jobs,2025-12-10,2025-12-10,16
n8n,n8n Jobs,2025-12-10,2025-12-10,362
navigate-ai,Navigate AI Jobs,2025-12-10,2025-12-10,3
deel,Deel Jobs,2025-12-10,2025-12-10,1034
alloyenterprises,Alloy Enterprises Jobs,2025-12-10,2025-12-10,7
designworkstalent,Designworks Talent Jobs,2025-12-10,2025-12-10,74
pika,Pika Jobs,2025-12-10,2025-12-10,6
radiusai,RadiusAI Jobs,2025-12-10,2025-12-10,6
collective,Collective Jobs,2025-12-10,2025-12-10,5
SKELAR,SKELAR Jobs,2025-12-10,2025-12-10,301
Vellum,Vellum Jobs,2025-12-10,2025-12-10,4
screenverse,Screenverse Jobs,2025-12-10,2025-12-10,3
verge-genomics,Verge Genomics Jobs,2025-12-10,2025-12-10,4
mudflap,Mudflap Jobs,2025-12-10,2025-12-10,11
method,Method Financial Jobs,2025-12-10,2025-12-10,14
secfix,Secfix Jobs,2025-12-10,2025-12-10,7
rohlik,Rohlik Jobs,2025-12-10,2025-12-10,69
knock,Knock Jobs,2025-12-10,2025-12-10,2
claylabs,Clay Labs Jobs,2025-12-10,2025-12-10,46
Watershed,Watershed Jobs,2025-12-10,2025-12-10,59
reducto,Reducto Jobs,2025-12-10,2025-12-10,16
tenex,TENEX.AI Jobs,2025-12-10,2025-12-10,52
apolink,Apolink Communcations Jobs,2025-12-10,2025-12-10,3
astera,Astera Institute Jobs,2025-12-10,2025-12-10,8
gotphoto,GotPhoto Jobs,2025-12-10,2025-12-10,8
anyvan,AnyVan Jobs,2025-12-10,2025-12-10,21
upflow,Upflow Jobs,2025-12-10,2025-12-10,9
mainstay,Mainstay Labs Inc. Jobs,2025-12-10,2025-12-10,11
Carwow,Carwow Jobs,2025-12-10,2025-12-10,26
finary,Finary Jobs,2025-12-10,2025-12-10,14
nativemarkets,Native Markets Jobs,2025-12-10,2025-12-10,10
anyscale,Anyscale Jobs,2025-12-10,2025-12-10,44
chronospherejobs,Chronosphere Jobs,2025-12-10,2025-12-10,22
camunda,Camunda Jobs,2025-12-10,2025-12-10,100
crisp,Crisp Jobs,2025-12-10,2025-12-10,15
conetic-group,Conetic Group Jobs,2025-12-10,2025-12-10,8
freetrade,Freetrade Jobs,2025-12-10,2025-12-10,19
base-power,Base Power Company Jobs,2025-12-10,2025-12-10,77
flock%20safety,Flock Safety Jobs,2025-12-10,2025-12-10,157
illuin,ILLUIN Technology Jobs,2025-12-10,2025-12-10,6
protegrity,Protegrity Jobs,2025-12-10,2025-12-10,56
bliro,Bliro GmbH Jobs,2025-12-10,2025-12-10,5
tarro,Tarro Jobs,2025-12-10,2025-12-10,38
wealth-com,Wealth.com Jobs,2025-12-10,2025-12-10,11
plume-network,Plume Network Jobs,2025-12-10,2025-12-10,7
sosafe,SoSafe Jobs,2025-12-10,2025-12-10,92
lawhive,Lawhive Jobs,2025-12-10,2025-12-10,28
mednet,"Mednet, Inc. Jobs",2025-12-10,2025-12-10,3
keyrock,Keyrock Jobs,2025-12-10,2025-12-10,847
botanictonics,Botanic Tonics Jobs,2025-12-10,2025-12-10,7
comulate,Comulate Jobs,2025-12-10,2025-12-10,13
graphite,Graphite Jobs,2025-12-10,2025-12-10,24
furiosa-ai,FuriosaAI Jobs,2025-12-10,2025-12-10,43
benchmarkhealth,Benchmark Health Jobs,2025-12-10,2025-12-10,5
oplabs,OP Labs Jobs,2025-12-10,2025-12-10,13
nerdwallet,NerdWallet Jobs,2025-12-10,2025-12-10,29
change,Change.org Jobs,2025-12-10,2025-12-10,7
vizzia,Vizzia Jobs,2025-12-10,2025-12-10,21
eyetell,"EyeTell, Inc. Jobs",2025-12-10,2025-12-10,4
sentilink,SentiLink Jobs,2025-12-10,2025-12-10,22
cassidy,Cassidy Jobs,2025-12-10,2025-12-10,8
buffer,Buffer Jobs,2025-12-10,2025-12-10,4
solidroad,Solidroad Jobs,2025-12-10,2025-12-10,7
batoncorporation,Baton Corporation Ltd Jobs,2025-12-10,2025-12-10,8
anrok,Anrok Jobs,2025-12-10,2025-12-10,30
LeanTech,Lean Technologies Jobs,2025-12-10,2025-12-10,15
slope,Slope Jobs,2025-12-10,2025-12-10,2
sequoia,Sequoia Jobs,2025-12-10,2025-12-10,8
mebe,MeBe Jobs,2025-12-10,2025-12-10,81
unblock-computing,Unblock Computing Jobs,2025-12-10,2025-12-10,2
rowan,Rowan Digital Infrastructure Jobs,2025-12-10,2025-12-10,13
tgc,The Generalist Company Ltd Jobs,2025-12-10,2025-12-10,7
CUBE,CUBE Jobs,2025-12-10,2025-12-10,36
emora-health,Emora Health Jobs,2025-12-10,2025-12-10,9
viggle,Viggle AI Jobs,2025-12-10,2025-12-10,7
incident,incident.io Jobs,2025-12-10,2025-12-10,23
PACELoanGroup,PACE Loan Group Jobs,2025-12-10,2025-12-10,5
sleeper,Sleeper Jobs,2025-12-10,2025-12-10,24
coderabbit,CodeRabbit Jobs,2025-12-10,2025-12-10,25
delve,Delve Jobs,2025-12-10,2025-12-10,13
spatialsupport,Superobservation Pte. Ltd Jobs,2025-12-10,2025-12-10,2
welltech,Welltech Jobs,2025-12-10,2025-12-10,158
august,August Jobs,2025-12-10,2025-12-10,11
yepoda,Yepoda Jobs,2025-12-10,2025-12-10,13
cognition,Cognition Jobs,2025-12-10,2025-12-10,24
Numeral,Numeral Jobs,2025-12-10,2025-12-10,19
d-Matrix,d-Matrix Jobs,2025-12-10,2025-12-10,43
sgnlai,SGNL.ai Jobs,2025-12-10,2025-12-10,5
dust,Dust Jobs,2025-12-10,2025-12-10,24
casa,Casa Jobs,2025-12-10,2025-12-10,9
voyant-photonics,Voyant Photonics Jobs,2025-12-10,2025-12-10,26
exegy,Exegy Jobs,2025-12-10,2025-12-10,3
aibidia,Aibidia Jobs,2025-12-10,2025-12-10,10
achilleshr,AchillesHR Jobs,2025-12-10,2025-12-10,2
valeriehealth,Valerie Health Jobs,2025-12-10,2025-12-10,9
edgetier.com,EdgeTier Jobs,2025-12-10,2025-12-10,9
m13,M13 Jobs,2025-12-10,2025-12-10,5
brainly,Brainly Jobs,2025-12-10,2025-12-10,4
mintlify,Mintlify Jobs,2025-12-10,2025-12-10,21
Serval,Serval Jobs,2025-12-10,2025-12-10,14
syndica,Syndica Jobs,2025-12-10,2025-12-10,12
tensorzero,TensorZero Jobs,2025-12-10,2025-12-10,3
Laurel,Laurel Jobs,2025-12-10,2025-12-10,18
megazone,Megazone Cloud US Jobs,2025-12-10,2025-12-10,37
cardless,Cardless Jobs,2025-12-10,2025-12-10,8
alembic,Alembic Jobs,2025-12-10,2025-12-10,15
broccoli,Broccoli AI Jobs,2025-12-10,2025-12-10,11
devsavant,DevSavant Inc. Jobs,2025-12-10,2025-12-10,6
DatologyAI,DatologyAI Jobs,2025-12-10,2025-12-10,6
xero,Xero Jobs,2025-12-10,2025-12-10,30
Terranova,Terranova Jobs,2025-12-10,2025-12-10,10
soma-energy,Soma Energy Jobs,2025-12-10,2025-12-10,5
pear,Pear VC Jobs,2025-12-10,2025-12-10,118
bland,Bland Jobs,2025-12-10,2025-12-10,11
CloudZero,CloudZero Jobs,2025-12-10,2025-12-10,10
buildlinx,Buildlinx GmbH Jobs,2025-12-10,2025-12-10,4
italic,Italic Jobs,2025-12-10,2025-12-10,26
tem,tem Jobs,2025-12-10,2025-12-10,12
xyz-reality,XYZ Reality Jobs,2025-12-10,2025-12-10,21
sapien,Sapien Jobs,2025-12-10,2025-12-10,8
method.security,Method Security Jobs,2025-12-10,2025-12-10,14
demandbase,Demandbase Jobs,2025-12-10,2025-12-10,21
gamechanger,GameChanger Jobs,2025-12-10,2025-12-10,8
loot-labs,Loot Labs Jobs,2025-12-10,2025-12-10,9
starbridge,Starbridge Jobs,2025-12-10,2025-12-10,12
bem,bem Jobs,2025-12-10,2025-12-10,4
Kognitos,Kognitos Jobs,2025-12-10,2025-12-10,23
Solace,Solace Jobs,2025-12-10,2025-12-10,23
Lime,Lime Jobs,2025-12-10,2025-12-10,71
leland,Leland Jobs,2025-12-10,2025-12-10,9
far.ai,FAR.AI Jobs,2025-12-10,2025-12-10,25
cmr.london,Cooper Moss Rutland Jobs,2025-12-10,2025-12-10,21
kognitos,Kognitos Jobs,2025-12-10,2025-12-10,23
abridge,Abridge Jobs,2025-12-10,2025-12-10,77
a1%20garage%20door%20service,A1 Garage Door Service Jobs,2025-12-10,2025-12-10,40
squads,Squads Jobs,2025-12-10,2025-12-10,8
n1,N1 Jobs,2025-12-10,2025-12-10,28
multiverse,Multiverse Jobs,2025-12-10,2025-12-10,53
photoroom,Photoroom Jobs,2025-12-10,2025-12-10,58
nudge,Nudge Jobs,2025-12-10,2025-12-10,17
Meliora-Academy,Meliora Academy Jobs,2025-12-10,2025-12-10,0
trove,Trove Jobs,2025-12-10,2025-12-10,5
alleviatehealth,Alleviate Health Jobs,2025-12-10,2025-12-10,1
Perchwell,Perchwell Jobs,2025-12-10,2025-12-10,11
tzafon,Tzafon Jobs,2025-12-10,2025-12-10,5
confluent,Confluent Jobs,2025-12-10,2025-12-10,201
Moxie,Moxie Jobs,2025-12-10,2025-12-10,10
Outpost,Outpost Jobs,2025-12-10,2025-12-10,5
holywater,HOLYWATER Jobs,2025-12-10,2025-12-10,16
commons,Commons Jobs,2025-12-10,2025-12-10,1
watershed,Watershed Jobs,2025-12-10,2025-12-10,59
tabs,Tabs Jobs,2025-12-10,2025-12-10,16
axion,Axion Jobs,2025-12-10,2025-12-10,29
crackenagi,Cracken Jobs,2025-12-10,2025-12-10,11
harmattan-ai,Harmattan AI Jobs,2025-12-10,2025-12-10,49
steadily,Steadily Jobs,2025-12-10,2025-12-10,29
voize,voize Jobs,2025-12-10,2025-12-10,41
talentsafari,Talent Safari Jobs,2025-12-10,2025-12-10,41
tailwind,Tailwind Jobs,2025-12-10,2025-12-10,9
leandata,LeanData Jobs,2025-12-10,2025-12-10,6
meadowmemorials,Meadow Jobs,2025-12-10,2025-12-10,11
Fella,Aios Medical  (YC W20/S21) Jobs,2025-12-10,2025-12-10,35
T-Robotics,T-Robotics Jobs,2025-12-10,2025-12-10,9
jua,Jua Jobs,2025-12-10,2025-12-10,11
blink,Blink Tech Inc Jobs,2025-12-10,2025-12-10,39
cohere,Cohere Jobs,2025-12-10,2025-12-10,358
livinghr,livingHR Jobs,2025-12-10,2025-12-10,10
ourritual,OurRitual Jobs,2025-12-10,2025-12-10,42
second-nature,Second Nature Jobs,2025-12-10,2025-12-10,10
dentology,Dentology Jobs,2025-12-10,2025-12-10,3
notion,Notion Jobs,2025-12-10,2025-12-10,170
norm-ai,Norm AI Jobs,2025-12-10,2025-12-10,30
speak,Speak Jobs,2025-12-10,2025-12-10,49
Ridealso,ALSO Jobs,2025-12-10,2025-12-10,43
humaans,Humaans Jobs,2025-12-10,2025-12-10,9
essentialai,Essential AI Jobs,2025-12-10,2025-12-10,2
legora,Legora AB Jobs,2025-12-10,2025-12-10,70
odysseyml,Odyssey Jobs,2025-12-10,2025-12-10,12
tavus,Tavus Jobs,2025-12-10,2025-12-10,30
old-well-labs,Old Well Labs Jobs,2025-12-10,2025-12-10,3
plain,Plain Jobs,2025-12-10,2025-12-10,25
io-net,Io Net,2025-12-10,2025-12-10,0
novel,Novel Jobs,2025-12-10,2025-12-10,10
Framenergy,Fram Energy Jobs,2025-12-10,2025-12-10,1
moonvalley-ai,Moonvalley AI Jobs,2025-12-10,2025-12-10,2
sphere,"Sphere, Inc. Jobs",2025-12-10,2025-12-10,9
render,Render  Jobs,2025-12-10,2025-12-10,33
wirescreen,WireScreen Jobs,2025-12-10,2025-12-10,5
radai,Rad AI Jobs,2025-12-10,2025-12-10,23
klue,Klue Jobs,2025-12-10,2025-12-10,13
sesame,Sesame Jobs,2025-12-10,2025-12-10,46
firststreet,First Street Jobs,2025-12-10,2025-12-10,5
NorthwoodSpace,northwoodspace Jobs,2025-12-10,2025-12-10,42
freed,Freed Jobs,2025-12-10,2025-12-10,34
p2p.org,P2P. org Jobs,2025-12-10,2025-12-10,66
oxio,OXIO Corporation Jobs,2025-12-10,2025-12-10,13
Ferovinum,Ferovinum Limited Jobs,2025-12-10,2025-12-10,5
vanta,Vanta Jobs,2025-12-10,2025-12-10,153
